RESPONSEID,HASQCCHECK,QC_ASSESSMENTTYPE,FOODCATEGORY,SUBCATEGORY,QC_DATE,ISSUEPERCENT,ISQCISSUE
2110000,True,Arrival check,Fruit,Mango,2019-09-06T11:16:58.29Z,0.0,False
2112723,True,Arrival check,Fruit,Mango,2019-09-10T07:26:41.213Z,1.0,True
2117829,True,Arrival check,Fruit,Mango,2019-09-17T08:03:04.387Z,0.0,False
2118771,True,Arrival check,Fruit,Mango,2019-09-19T06:47:14.437Z,0.0,False
2118784,True,Arrival check,Fruit,Mango,2019-09-18T09:38:34.18Z,0.0,False
2119727,True,Arrival check,Fruit,Mango,2019-09-19T06:24:59.697Z,0.5,True
2120654,True,Arrival check,Fruit,Mango,2019-09-20T08:17:40.307Z,0.0,False
2122243,True,Arrival check,Fruit,Mango,2019-09-22T06:38:23.04Z,1.0,True
2124329,True,Arrival check,Fruit,Mango,2019-09-25T10:53:30.597Z,1.0,True
2125271,True,Arrival check,Fruit,Mango,2019-09-26T08:17:12.787Z,0.0,False
2127517,True,Arrival check,Fruit,Mango,2019-09-29T09:29:13.827Z,1.0,True
2127524,True,Arrival check,Fruit,Mango,2019-09-29T08:58:07.51Z,0.0,False
2128163,True,Arrival check,Fruit,Mango,2019-09-30T10:41:15.51Z,0.5,True
2128670,True,Arrival check,Fruit,Mango,2019-10-01T08:01:01.253Z,1.0,True
2128682,True,Arrival check,Fruit,Mango,2019-10-01T10:55:05.81Z,1.0,True
2129395,True,Arrival check,Fruit,Mango,2019-10-02T10:58:43.347Z,0.5,True
2131234,True,Arrival check,Fruit,Mango,2019-10-04T11:45:02.763Z,1.0,True
2132060,True,Arrival check,Fruit,Mango,2019-10-05T09:26:23.78Z,0.33,True
2132739,True,Arrival check,Fruit,Mango,2019-10-06T08:50:13.747Z,1.0,True
2133751,True,Arrival check,Fruit,Mango,2019-10-08T09:48:19.253Z,0.0,False
2133764,True,Arrival check,Fruit,Mango,2019-10-08T09:51:44.49Z,0.5,True
2135458,True,Arrival check,Fruit,Mango,2019-10-10T08:45:14.933Z,1.0,True
2136179,True,Arrival check,Fruit,Mango,2019-10-11T08:56:40.557Z,1.0,True
2136898,True,Arrival check,Fruit,Mango,2019-10-12T11:28:25.12Z,1.0,True
2136994,True,Arrival check,Fruit,Mango,2019-10-12T08:26:57.453Z,0.67,True
2137703,True,Arrival check,Fruit,Mango,2019-10-13T07:38:50.353Z,0.0,False
2139494,True,Arrival check,Fruit,Mango,2019-10-16T10:25:00.73Z,1.0,True
2139495,True,Arrival check,Fruit,Mango,2019-10-16T09:36:41.283Z,0.0,False
2140390,True,Arrival check,Fruit,Mango,2019-10-17T04:55:05.333Z,0.75,True
2141238,True,Arrival check,Fruit,Mango,2019-10-18T05:17:39.657Z,0.75,True
2142861,True,Arrival check,Fruit,Mango,2019-10-20T07:24:49.737Z,0.67,True
2145618,True,Arrival check,Fruit,Mango,2019-10-24T05:00:20.103Z,0.5,True
2146549,True,Arrival check,Fruit,Mango,2019-10-25T06:31:15.053Z,0.0,False
2147367,True,Arrival check,Fruit,Mango,2019-10-26T04:43:40.217Z,1.0,True
2149155,True,Arrival check,Fruit,Mango,2019-10-29T08:56:04.053Z,1.0,True
2150000,True,Arrival check,Fruit,Mango,2019-10-30T09:41:16.983Z,1.0,True
2151067,True,Arrival check,Fruit,Mango,2019-10-31T09:40:20.45Z,1.0,True
2152821,True,Arrival check,Fruit,Mango,2019-11-02T04:41:15.84Z,0.0,False
2153460,True,Arrival check,Fruit,Mango,2019-11-03T08:24:14.653Z,1.0,True
2154679,True,Arrival check,Fruit,Mango,2019-11-05T04:50:55.987Z,0.5,True
2155460,True,Arrival check,Fruit,Mango,2019-11-06T09:07:38.94Z,1.0,True
2156254,True,Arrival check,Fruit,Mango,2019-11-07T05:09:20.313Z,0.29,True
2156329,True,Arrival check,Fruit,Mango,2019-11-07T08:25:26.04Z,1.0,True
2156338,True,Arrival check,Fruit,Mango,2019-11-07T05:09:20.313Z,0.29,True
2157045,True,Arrival check,Fruit,Mango,2019-11-08T05:04:59.817Z,0.5,True
2157387,True,Arrival check,Fruit,Mango,2019-11-08T04:48:41.933Z,0.6,True
2157989,True,Arrival check,Fruit,Mango,2019-11-09T08:27:04.107Z,1.0,True
2158022,True,Arrival check,Fruit,Mango,2019-11-09T08:27:04.107Z,1.0,True
2159852,True,Arrival check,Fruit,Mango,2019-11-12T05:27:35.573Z,0.6,True
2159853,True,Arrival check,Fruit,Mango,2019-11-12T08:06:47.843Z,0.5,True
2160421,True,Arrival check,Fruit,Mango,2019-11-13T08:10:58.607Z,0.0,False
2163022,True,Arrival check,Fruit,Mango,2019-11-16T06:50:06.38Z,1.0,True
2163626,True,Arrival check,Fruit,Mango,2019-11-17T10:38:24.02Z,0.0,False
2164878,True,Arrival check,Fruit,Mango,2019-11-19T05:39:13.253Z,0.25,True
2165520,True,Arrival check,Fruit,Mango,2019-11-20T08:01:39.927Z,0.5,True
2166506,True,Arrival check,Fruit,Mango,2019-11-22T13:30:15.857Z,0.0,False
2166584,True,Arrival check,Fruit,Mango,2019-11-21T07:07:17.187Z,0.0,False
2166590,True,Arrival check,Fruit,Mango,2019-11-21T05:01:37.503Z,0.67,True
2167462,True,Arrival check,Fruit,Mango,2019-11-21T07:07:17.187Z,0.0,False
2167463,True,Arrival check,Fruit,Mango,2019-11-22T08:44:34.567Z,1.0,True
2167836,True,Chilled Arrival,Dairy,Cheese,2019-11-26T19:50:59.943Z,0.0,False
2168069,True,Arrival check,Fruit,Mango,2019-11-23T09:29:04.263Z,0.4,True
2168153,True,Arrival check,Fruit,Mango,2019-11-23T06:23:36.147Z,1.0,True
2168730,True,Arrival check,Fruit,Mango,2019-11-24T04:52:36.693Z,1.0,True
2169353,True,Arrival check,Fruit,Mango,2019-11-25T05:24:24.38Z,0.8,True
2169353,True,Rack Inspection,Fruit,Mango,2019-11-26T05:09:02.977Z,1.0,True
2169576,True,Arrival check,Fruit,Mango,2019-11-26T06:05:59.46Z,0.5,True
2169577,True,Arrival check,Fruit,Mango,2019-11-26T08:15:01.093Z,0.0,False
2170718,True,Arrival check,Fruit,Mango,2019-11-27T07:29:32.52Z,0.0,False
2171417,True,Arrival check,Fruit,Mango,2019-11-28T08:24:53.51Z,0.0,False
2172178,True,Arrival check,Fruit,Mango,2019-11-29T05:09:49.12Z,0.25,True
2173007,True,Arrival check,Fruit,Mango,2019-11-30T08:30:01.86Z,0.0,False
2173826,True,Arrival check,Fruit,Mango,2019-12-01T05:30:25.887Z,0.86,True
2174300,True,Arrival check,Fruit,Mango,2019-12-02T10:55:26.44Z,0.0,False
2174678,True,Chilled Arrival,Dairy,Cheese,2019-12-06T05:42:50.923Z,0.0,False
2175072,True,Arrival check,Fruit,Mango,2019-12-03T11:17:54.073Z,0.0,False
2175137,True,Arrival check,Fruit,Mango,2019-12-03T06:49:48.62Z,1.0,True
2175998,True,Arrival check,Fruit,Mango,2019-12-04T05:03:32.103Z,1.0,True
2178242,True,Arrival check,Fruit,Mango,2019-12-07T05:17:56.93Z,0.0,False
2181713,True,Arrival check,Fruit,Mango,2019-12-12T05:34:38.95Z,1.0,True
2182814,True,Arrival check,Fruit,Mango,2019-12-13T05:19:29.37Z,0.0,False
2185906,True,Arrival check,Fruit,Mango,2019-12-18T01:22:42.417Z,1.0,True
2188451,True,Arrival check,Fruit,Mango,2019-12-21T03:43:53.867Z,1.0,True
2189332,True,Arrival check,Fruit,Mango,2019-12-22T05:37:06.823Z,0.0,False
2192038,True,Arrival check,Fruit,Mango,2019-12-27T06:41:47.003Z,0.0,False
2193988,True,Arrival check,Fruit,Mango,2019-12-30T11:14:52.08Z,0.0,False
2198286,True,Arrival check,Fruit,Mango,2020-01-05T05:33:44.313Z,0.25,True
2199165,True,Arrival check,Fruit,Mango,2020-01-07T06:29:01.347Z,0.33,True
2200804,True,Arrival check,Fruit,Mango,2020-01-09T08:29:04.823Z,0.0,False
2201604,True,Arrival check,Fruit,Mango,2020-01-10T08:56:39.887Z,0.0,False
2201718,True,Arrival check,Fruit,Mango,2020-01-10T11:32:50.437Z,0.0,False
2206610,True,Chilled Arrival,Dairy,Cheese,2020-01-21T08:00:27.663Z,0.0,False
2208922,True,Chilled Arrival,Dairy,Cheese,2020-01-24T07:26:07.177Z,0.0,False
2209895,True,Arrival check,Fruit,Mango,2020-01-22T07:20:47.313Z,0.5,True
2211471,True,Arrival check,Fruit,Mango,2020-01-24T07:33:20.35Z,0.0,False
2212524,True,Chilled Arrival,Dairy,Cheese,2020-01-29T08:56:47.557Z,0.0,False
2213494,True,Arrival check,Fruit,Mango,2020-01-27T08:40:32.537Z,0.0,False
2214022,True,Arrival check,Fruit,Mango,2020-01-28T08:20:00.127Z,0.0,False
2214393,True,Chilled Arrival,Meat,Ham,2020-01-31T09:49:31.873Z,0.0,False
2214406,True,Chilled Arrival,Dairy,Cheese,2020-02-03T06:51:27.577Z,0.0,False
2214418,True,Chilled Arrival,Meat,Ham,2020-01-31T09:49:31.873Z,0.0,False
2217028,True,Chilled Arrival,Dairy,Cheese,2020-02-06T08:26:58.85Z,0.0,False
2219034,True,Arrival check,Vegetable,Mushrooms,2020-02-05T04:34:13.537Z,0.5,True
2219363,True,Arrival check,Vegetable,Mushrooms,2020-02-04T08:59:34.95Z,1.0,True
2220709,True,Arrival check,Vegetable,Mushrooms,2020-02-07T04:42:48.94Z,0.5,True
2221611,True,Chilled Arrival,Dairy,Cheese,2020-02-13T05:51:42.687Z,0.0,False
2223278,True,Chilled Arrival,Meat,Ham,2020-02-14T16:59:05.07Z,0.75,True
2225096,True,Chilled Arrival,Dairy,Cheese,2020-02-17T07:03:29.617Z,0.0,False
2225781,True,Arrival check,Vegetable,Mushrooms,2020-02-14T06:56:02.697Z,0.0,False
2227337,True,Arrival check,Vegetable,Mushrooms,2020-02-16T06:06:25.073Z,0.67,True
2232709,True,Arrival check,Vegetable,Mushrooms,2020-02-24T06:44:30.23Z,0.33,True
2232843,True,Arrival check,Fruit,Mango,2020-02-24T10:14:52.08Z,0.5,True
2233187,True,Arrival check,Fruit,Mango,2020-02-25T08:58:41.1Z,1.0,True
2233975,True,Arrival check,Fruit,Mango,2020-02-26T09:36:01.157Z,0.0,False
2234802,True,Arrival check,Vegetable,Mushrooms,2020-02-27T05:31:17.567Z,0.5,True
2235632,True,Arrival check,Vegetable,Mushrooms,2020-02-28T05:13:19.547Z,1.0,True
2235927,True,Arrival check,Fruit,Mango,2020-02-28T08:50:28.99Z,1.0,True
2238563,True,Chilled Arrival,Meat,Ham,2020-03-05T11:16:52.303Z,0.0,False
2241311,True,Arrival check,Vegetable,Mushrooms,2020-03-07T07:17:43.587Z,0.0,False
2244695,True,Arrival check,Fruit,Mango,2020-03-11T08:20:36.237Z,0.0,False
2248168,True,Chilled Arrival,Dairy,Cheese,2020-03-19T06:30:26.367Z,0.0,False
2248200,True,Chilled Arrival,Dairy,Cheese,2020-03-19T06:30:26.367Z,0.0,False
2250276,True,Arrival check,Vegetable,Mushrooms,2020-03-18T05:33:28.393Z,0.0,False
2251731,True,Arrival check,Vegetable,Mushrooms,2020-03-20T07:09:57.157Z,0.0,False
2253528,True,Arrival check,Vegetable,Tomatoes,2020-03-23T05:52:17.507Z,0.0,False
2253559,True,Arrival check,Vegetable,Mushrooms,2020-03-22T08:18:38.937Z,0.0,False
2253712,True,Chilled Arrival,Meat,Ham,2020-03-24T12:28:25.843Z,0.0,False
2253715,True,Chilled Arrival,Meat,Ham,2020-03-24T12:28:25.843Z,0.0,False
2253864,True,Arrival check,Fruit,Mango,2020-03-23T06:10:39.61Z,0.0,False
2254293,True,Arrival check,Fruit,Mango,2020-03-25T08:28:05.32Z,0.0,False
2254294,True,Arrival check,Fruit,Mango,2020-03-24T08:09:29.917Z,0.0,False
2254749,True,Arrival check,Vegetable,Tomatoes,2020-03-26T05:17:47.247Z,1.0,True
2254930,True,Arrival check,Vegetable,Mushrooms,2020-03-25T04:20:33.623Z,0.0,False
2255338,True,Arrival check,Vegetable,Tomatoes,2020-03-22T07:02:18.65Z,0.0,False
2255739,True,Arrival check,Fruit,Mango,2020-03-26T07:14:39.713Z,1.0,True
2257271,True,Arrival check,Fruit,Mango,2020-03-28T07:35:40.39Z,1.0,True
2258061,True,Arrival check,Fruit,Mango,2020-03-29T06:25:53.837Z,1.0,True
2258475,True,Arrival check,Fruit,Mango,2020-03-30T10:53:23.293Z,1.0,True
2258499,True,Arrival check,Fruit,Mango,2020-03-30T06:21:31.987Z,1.0,True
2258872,True,Arrival check,Fruit,Mango,2020-03-31T08:20:35.323Z,1.0,True
2259641,True,Arrival check,Fruit,Mango,2020-04-01T07:55:34.573Z,1.0,True
2259660,True,Arrival check,Fruit,Mango,2020-04-01T09:11:16.93Z,0.0,False
2259850,True,Arrival check,Vegetable,Tomatoes,2020-03-15T10:46:53.48Z,0.0,False
2259857,True,Arrival check,Vegetable,Tomatoes,2020-03-15T05:46:57.543Z,1.0,True
2259858,True,Arrival check,Fruit,Mango,2020-02-28T12:18:52.77Z,0.0,False
2259931,True,Arrival check,Vegetable,Mushrooms,2020-03-18T05:33:28.393Z,0.0,False
2260097,True,Arrival check,Vegetable,Tomatoes,2020-03-16T08:06:17.73Z,0.0,False
2260099,True,Arrival check,Vegetable,Mushrooms,2020-03-01T06:15:05.633Z,0.0,False
2260614,True,Arrival check,Fruit,Mango,2020-04-02T09:16:41.527Z,1.0,True
2261364,True,Arrival check,Vegetable,Tomatoes,2020-03-21T07:27:46.277Z,0.0,False
2262389,True,Arrival check,Fruit,Mango,2019-11-30T08:30:01.86Z,0.0,False
2262393,True,Arrival check,Fruit,Mango,2019-11-16T06:50:06.38Z,1.0,True
2262395,True,Arrival check,Fruit,Mango,2019-11-02T04:41:15.84Z,0.0,False
2264107,True,Arrival check,Vegetable,Mushrooms,2020-04-07T06:48:10.63Z,0.0,False
2265138,True,Arrival check,Vegetable,Mushrooms,2020-04-08T05:40:29.773Z,0.0,False
2265662,True,Arrival check,Vegetable,Mushrooms,2020-04-09T07:53:57.263Z,1.0,True
2266700,True,Arrival check,Vegetable,Mushrooms,2020-04-11T09:48:54.077Z,1.0,True
2268237,True,Arrival check,Fruit,Oranges,2020-04-14T11:18:57.82Z,0.0,False
2269024,True,Arrival check,Fruit,Oranges,2020-04-15T06:14:01.133Z,1.0,True
2269673,True,Arrival check,Fruit,Oranges,2020-04-16T09:36:37.037Z,0.0,False
2269711,True,Arrival check,Vegetable,Mushrooms,2020-04-16T07:37:36.703Z,0.0,False
2270475,True,Arrival check,Fruit,Oranges,2020-04-17T06:37:28.87Z,0.5,True
2270476,True,Arrival check,Fruit,Oranges,2020-04-17T09:52:44.09Z,0.0,False
2270870,True,Chilled Arrival,Meat,Ham,2020-04-20T18:25:28.4Z,0.0,False
2270871,True,Chilled Arrival,Meat,Ham,2020-04-20T18:25:28.4Z,0.0,False
2271280,True,Arrival check,Fruit,Oranges,2020-04-18T06:37:52.103Z,1.0,True
2271606,True,Arrival check,Vegetable,Mushrooms,2020-04-19T07:43:17.85Z,0.0,False
2272135,True,Arrival check,Fruit,Oranges,2020-04-19T09:32:47.6Z,0.0,False
2274857,True,Arrival check,Fruit,Oranges,2020-04-23T08:22:12.777Z,0.0,False
2275465,True,Arrival check,Fruit,Oranges,2020-04-24T10:14:14.137Z,1.0,True
2276200,True,Arrival check,Vegetable,Mushrooms,2020-04-27T09:05:59.293Z,1.0,True
2276243,True,Arrival check,Fruit,Oranges,2020-04-25T04:42:17.02Z,0.5,True
2276961,True,Arrival check,Fruit,Oranges,2020-04-26T06:03:21.53Z,0.33,True
2276962,True,Arrival check,Fruit,Oranges,2020-04-26T06:16:58.37Z,0.0,False
2277823,True,Arrival check,Fruit,Oranges,2020-04-28T10:04:17.82Z,1.0,True
2277824,True,Arrival check,Fruit,Oranges,2020-04-28T11:50:33.93Z,0.0,False
2278111,True,Chilled Arrival,Meat,Ham,2020-04-30T09:36:38.687Z,0.0,False
2278343,True,Arrival check,Vegetable,Mushrooms,2020-04-29T04:51:34.987Z,0.0,False
2278566,True,Arrival check,Fruit,Oranges,2020-04-29T06:37:14.53Z,1.0,True
2279344,True,Arrival check,Fruit,Oranges,2020-05-01T08:55:36.557Z,0.0,False
2279344,True,Rack Inspection,Fruit,Oranges,2020-05-02T06:42:21.47Z,1.0,True
2279351,True,Arrival check,Fruit,Oranges,2020-04-30T06:00:20.653Z,0.33,True
2280233,True,Arrival check,Fruit,Oranges,2020-05-01T12:06:51.18Z,0.0,False
2280235,True,Arrival check,Fruit,Oranges,2020-05-01T09:12:06.713Z,1.0,True
2281042,True,Arrival check,Fruit,Oranges,2020-05-02T08:09:34.527Z,0.0,False
2281047,True,Arrival check,Fruit,Oranges,2020-05-02T07:06:44.91Z,0.67,True
2281773,True,Arrival check,Fruit,Oranges,2020-05-04T10:37:37.623Z,0.0,False
2282394,True,Arrival check,Fruit,Oranges,2020-05-05T09:22:38.513Z,0.0,False
2282396,True,Arrival check,Fruit,Oranges,2020-05-04T08:32:28.76Z,1.0,True
2283035,True,Arrival check,Fruit,Oranges,2020-05-05T09:49:22.927Z,1.0,True
2283644,True,Arrival check,Fruit,Oranges,2020-05-06T08:45:58.497Z,0.67,True
2284581,True,Arrival check,Vegetable,Mushrooms,2020-05-07T08:47:45.263Z,0.0,False
2285263,True,Arrival check,Vegetable,Mushrooms,2020-05-08T05:08:50.713Z,0.0,False
2286123,True,Arrival check,Fruit,Oranges,2020-05-09T05:21:35.54Z,0.5,True
2286130,True,Arrival check,Fruit,Oranges,2020-05-10T08:09:16.527Z,0.0,False
2286835,True,Arrival check,Fruit,Oranges,2020-05-11T07:05:41.187Z,0.0,False
2286836,True,Arrival check,Fruit,Oranges,2020-05-10T09:49:14.223Z,0.0,False
2287420,True,Arrival check,Fruit,Oranges,2020-05-11T05:50:51.813Z,1.0,True
2287421,True,Arrival check,Fruit,Oranges,2020-05-12T11:06:40.88Z,1.0,True
2287424,True,Arrival check,Fruit,Oranges,2020-05-11T09:18:26.76Z,1.0,True
2287425,True,Arrival check,Fruit,Oranges,2020-05-12T09:26:11.507Z,0.5,True
2287958,True,Arrival check,Vegetable,Tomatoes,2020-05-10T08:24:45.1Z,0.0,False
2287959,True,Arrival check,Vegetable,Tomatoes,2020-05-11T04:44:00.983Z,0.0,False
2287961,True,Arrival check,Vegetable,Tomatoes,2020-05-12T06:25:27.727Z,0.0,False
2287997,True,Arrival check,Vegetable,Mushrooms,2020-05-12T04:14:09.66Z,0.0,False
2288058,True,Arrival check,Fruit,Oranges,2020-05-12T08:00:08.223Z,0.0,False
2288063,True,Arrival check,Fruit,Oranges,2020-05-13T07:19:45.06Z,0.0,False
2288750,True,Arrival check,Vegetable,Tomatoes,2020-05-13T11:28:25.867Z,0.0,False
2288819,True,Arrival check,Fruit,Oranges,2020-05-13T07:23:30.647Z,1.0,True
2289703,True,Arrival check,Fruit,Oranges,2020-05-14T04:45:18.85Z,0.5,True
2289712,True,Arrival check,Fruit,Oranges,2020-05-15T09:26:01.447Z,0.0,False
2290538,True,Arrival check,Fruit,Oranges,2020-05-15T07:02:47.607Z,0.5,True
2290540,True,Arrival check,Fruit,Oranges,2020-05-15T08:31:27.47Z,0.0,False
2290541,True,Arrival check,Fruit,Oranges,2020-05-16T06:35:58.243Z,1.0,True
2291469,True,Arrival check,Fruit,Oranges,2020-05-17T09:21:18.59Z,0.0,False
2291470,True,Arrival check,Fruit,Oranges,2020-05-16T05:22:16.81Z,0.0,False
2292176,True,Arrival check,Fruit,Oranges,2020-05-17T07:39:45.18Z,0.33,True
2292778,True,Arrival check,Fruit,Oranges,2020-05-19T06:50:52.987Z,0.0,False
2292785,True,Arrival check,Fruit,Oranges,2020-05-18T09:58:08.543Z,1.0,True
2292786,True,Arrival check,Fruit,Oranges,2020-05-18T05:58:57.413Z,0.5,True
2293275,True,Arrival check,Fruit,Oranges,2020-05-20T06:41:08.087Z,0.0,False
2293961,True,Arrival check,Vegetable,Mushrooms,2020-05-22T08:05:40.647Z,1.0,True
2293964,True,Arrival check,Vegetable,Mushrooms,2020-05-20T05:34:08.897Z,0.0,False
2294895,True,Arrival check,Fruit,Oranges,2020-05-21T08:21:25.953Z,0.0,False
2294896,True,Arrival check,Fruit,Oranges,2020-05-21T06:06:44.583Z,0.0,False
2295244,True,Arrival check,Vegetable,Zucchini,2020-05-22T09:40:02.547Z,1.0,True
2295252,True,Arrival check,Fruit,Oranges,2020-05-21T05:37:29.967Z,0.5,True
2295362,True,Arrival check,Vegetable,Tomatoes,2020-05-19T11:41:33.26Z,0.0,False
2295368,True,Arrival check,Vegetable,Tomatoes,2020-05-21T06:28:48.737Z,0.0,False
2295378,True,Arrival check,Vegetable,Tomatoes,2020-05-22T06:33:34.033Z,0.0,False
2295739,True,Arrival check,Vegetable,Mushrooms,2020-05-22T05:56:30.86Z,0.0,False
2296540,True,Arrival check,Vegetable,Mushrooms,2020-05-25T07:09:06.33Z,0.0,False
2296724,True,Arrival check,Fruit,Oranges,2020-05-20T06:02:23.44Z,0.5,True
2297259,True,Arrival check,Fruit,Oranges,2020-05-24T06:45:11.64Z,0.5,True
2297262,True,Arrival check,Fruit,Oranges,2020-05-25T07:01:28.517Z,1.0,True
2297375,True,Arrival check,Vegetable,Mushrooms,2020-05-24T08:50:37.95Z,1.0,True
2297784,True,Arrival check,Fruit,Oranges,2020-05-26T07:34:03.953Z,0.0,False
2297790,True,Arrival check,Fruit,Oranges,2020-05-25T07:50:23.433Z,0.5,True
2298502,True,Arrival check,Fruit,Oranges,2020-05-26T06:56:01.037Z,0.5,True
2298503,True,Arrival check,Fruit,Oranges,2020-05-26T08:41:30.317Z,0.0,False
2299183,True,Arrival check,Fruit,Oranges,2020-05-27T07:32:11.057Z,0.5,True
2299936,True,Arrival check,Fruit,Oranges,2020-05-28T10:13:20.89Z,1.0,True
2300804,True,Arrival check,Fruit,Oranges,2020-05-29T11:30:58.077Z,0.0,False
2301556,True,Arrival check,Fruit,Oranges,2020-05-30T09:43:47.633Z,0.0,False
2302231,True,Arrival check,Fruit,Oranges,2020-05-31T09:57:24.52Z,1.0,True
2303497,True,Arrival check,Vegetable,Mushrooms,2020-06-02T09:54:46.837Z,0.5,True
2303748,True,Arrival check,Fruit,Oranges,2020-06-02T09:32:43.547Z,1.0,True
2305253,True,Arrival check,Fruit,Oranges,2020-06-04T09:58:32.757Z,1.0,True
2306128,True,Arrival check,Fruit,Oranges,2020-06-05T07:43:54.207Z,1.0,True
2307005,True,Arrival check,Vegetable,Mushrooms,2020-05-20T06:35:29.09Z,1.0,True
2307238,True,Arrival check,Vegetable,Mushrooms,2020-05-10T05:49:43.093Z,0.0,False
2307346,True,Arrival check,Vegetable,Mushrooms,2020-03-31T05:32:38.39Z,1.0,True
2307446,True,Arrival check,Vegetable,Mushrooms,2020-06-06T04:59:38.46Z,0.5,True
2308387,True,Arrival check,Fruit,Oranges,2020-06-08T08:32:52.157Z,1.0,True
2308922,True,Arrival check,Vegetable,Mushrooms,2020-06-09T06:09:42.153Z,0.0,False
2309623,True,Arrival check,Vegetable,Mushrooms,2020-06-12T07:45:10.583Z,0.0,False
2311875,True,Arrival check,Vegetable,Tomatoes,2020-06-08T05:08:51.147Z,0.0,False
2311877,True,Arrival check,Vegetable,Tomatoes,2020-06-11T12:02:48.043Z,0.0,False
2311878,True,Arrival check,Vegetable,Tomatoes,2020-06-12T10:19:43.507Z,0.0,False
2315877,True,Arrival check,Vegetable,Tomatoes,2020-06-13T06:54:20.567Z,0.0,False
2315879,True,Arrival check,Vegetable,Tomatoes,2020-06-13T06:23:25.373Z,0.0,False
2315884,True,Arrival check,Vegetable,Tomatoes,2020-06-14T10:03:16.033Z,0.0,False
2315885,True,Arrival check,Vegetable,Tomatoes,2020-06-15T06:42:43.06Z,0.0,False
2316193,True,Arrival check,Fruit,Lime,2020-06-17T10:59:49.353Z,0.0,False
2317193,True,Arrival check,Vegetable,Tomatoes,2020-06-17T05:32:49.323Z,0.0,False
2317194,True,Arrival check,Vegetable,Tomatoes,2020-06-18T11:40:06.627Z,0.0,False
2317195,True,Arrival check,Vegetable,Tomatoes,2020-06-19T10:29:10.42Z,0.0,False
2318726,True,Arrival check,Vegetable,Tomatoes,2020-06-20T06:22:00.063Z,0.0,False
2321318,True,Arrival check,Vegetable,Tomatoes,2020-06-22T08:17:22.883Z,0.0,False
2321319,True,Arrival check,Vegetable,Tomatoes,2020-06-23T10:22:42.753Z,0.0,False
2322581,True,Arrival check,Vegetable,Mushrooms,2020-06-04T08:14:49.41Z,0.0,False
2322986,True,Chilled Arrival,Meat,Ham,2020-06-29T08:57:56.187Z,0.0,False
2324003,True,Arrival check,Vegetable,Tomatoes,2020-06-27T05:49:04.29Z,0.0,False
2329540,True,Chilled Arrival,Meat,Ham,2020-06-29T08:57:56.187Z,0.0,False
2329541,True,Chilled Arrival,Meat,Ham,2020-06-25T12:13:44.733Z,0.0,False
2333884,True,Chilled Arrival,Meat,Ham,2020-07-13T10:46:05.8Z,0.0,False
2333885,True,Chilled Arrival,Meat,Ham,2020-07-13T10:46:05.8Z,0.0,False
2337276,True,Arrival check,Vegetable,Tomatoes,2020-07-16T09:24:56.73Z,0.0,False
2338488,True,Chilled Arrival,Meat,Ham,2020-07-20T09:20:10.647Z,0.0,False
2338854,True,Arrival check,Vegetable,Tomatoes,2020-07-16T02:32:05.843Z,0.0,False
2339717,True,Arrival check,Vegetable,Tomatoes,2020-07-18T03:45:53.927Z,0.0,False
2340378,True,Arrival check,Vegetable,Mushrooms,2020-07-19T09:44:15.593Z,0.0,False
2341402,True,Arrival check,Vegetable,Tomatoes,2020-07-21T11:54:53.44Z,0.0,False
2341406,True,Arrival check,Vegetable,Tomatoes,2020-07-21T11:54:53.44Z,0.0,False
2341511,True,Arrival check,Vegetable,Mushrooms,2020-07-17T05:35:14.1Z,0.0,False
2343490,True,Chilled Arrival,Meat,Ham,2020-07-27T09:25:46.317Z,0.0,False
2347123,True,Chilled Arrival,Meat,Ham,2020-07-27T09:25:46.317Z,0.0,False
2349080,True,Arrival check,Vegetable,Mushrooms,2020-07-24T05:39:40.227Z,0.5,True
2349084,True,Arrival check,Vegetable,Mushrooms,2020-07-30T04:03:29.977Z,0.0,False
2350080,True,Arrival check,Vegetable,Mushrooms,2020-08-01T04:42:57.927Z,0.0,False
2357622,True,Chilled Arrival,Meat,Ham,2020-08-13T17:38:36.353Z,1.0,True
2357624,True,Chilled Arrival,Meat,Ham,2020-08-13T17:38:36.353Z,1.0,True
2357655,True,Arrival check,Fruit,Mango,2020-08-11T10:30:47.897Z,1.0,True
2357656,True,Arrival check,Fruit,Mango,2020-08-11T09:34:49.77Z,0.0,False
2360600,True,Arrival check,Fruit,Mango,2020-08-15T06:53:05.11Z,0.0,False
2361186,True,Arrival check,Fruit,Mango,2020-08-16T08:59:05.773Z,0.0,False
2363183,True,Arrival check,Fruit,Mango,2020-08-20T10:06:50.31Z,1.0,True
2363189,True,Arrival check,Fruit,Mango,2020-08-19T08:44:06.803Z,1.0,True
2365523,True,Arrival check,Vegetable,Mushrooms,2020-08-24T09:08:37.347Z,0.0,False
2365732,True,Arrival check,Fruit,Mango,2020-08-22T08:12:26.2Z,0.0,False
2366311,True,Arrival check,Fruit,Mango,2020-08-23T08:24:27.49Z,0.0,False
2367322,True,Arrival check,Vegetable,Tomatoes,2020-08-23T12:27:40.24Z,0.0,False
2367329,True,Arrival check,Vegetable,Tomatoes,2020-08-25T10:07:55.05Z,0.0,False
2367595,True,Arrival check,Fruit,Mango,2020-08-25T12:23:28.787Z,0.5,True
2368963,True,Arrival check,Vegetable,Tomatoes,2020-08-25T09:05:07.827Z,0.0,False
2368964,True,Arrival check,Vegetable,Tomatoes,2020-08-27T10:09:25.29Z,0.0,False
2371842,True,Arrival check,Fruit,Mango,2020-08-29T09:09:49.97Z,0.0,False
2371849,True,Arrival check,Vegetable,Tomatoes,2020-08-30T08:59:12.133Z,0.0,False
2373454,True,Arrival check,Fruit,Mango,2020-09-01T05:30:35.68Z,1.0,True
2373533,True,Arrival check,Vegetable,Tomatoes,2020-08-30T06:09:17.18Z,0.0,False
2373538,True,Arrival check,Vegetable,Tomatoes,2020-09-01T10:32:04.62Z,0.0,False
2373539,True,Arrival check,Vegetable,Tomatoes,2020-09-01T09:11:02.33Z,0.0,False
2374137,True,Arrival check,Vegetable,Mushrooms,2020-09-02T07:24:26.753Z,1.0,True
2374175,True,Chilled Arrival,Meat,Ham,2020-09-03T16:53:30.15Z,0.0,False
2375269,True,Arrival check,Fruit,Mango,2020-09-03T02:43:25.713Z,1.0,True
2377104,True,Arrival check,Vegetable,Tomatoes,2020-09-05T07:34:37.21Z,0.0,False
2377487,True,Arrival check,Vegetable,Tomatoes,2020-09-06T08:34:39.94Z,0.0,False
2377515,True,Arrival check,Vegetable,Mushrooms,2020-09-05T05:33:26.413Z,1.0,True
2378313,True,Arrival check,Vegetable,Mushrooms,2020-09-06T05:19:31.833Z,0.0,False
2379439,True,Arrival check,Vegetable,Tomatoes,2020-09-08T08:52:22.71Z,0.0,False
2379488,True,Arrival check,Fruit,Mango,2020-09-08T12:59:03.897Z,0.0,False
2379613,True,Arrival check,Fruit,Mango,2020-09-08T09:03:04.423Z,0.0,False
2381244,True,Arrival check,Fruit,Mango,2020-09-10T06:08:41.337Z,1.0,True
2381245,True,Arrival check,Fruit,Mango,2020-09-10T11:48:57.367Z,0.0,False
2381520,True,Arrival check,Vegetable,Tomatoes,2020-09-09T06:50:10.183Z,0.0,False
2381523,True,Arrival check,Vegetable,Tomatoes,2020-09-10T10:23:50.273Z,0.0,False
2381524,True,Arrival check,Vegetable,Tomatoes,2020-09-11T07:47:07.917Z,0.0,False
2381527,True,Arrival check,Vegetable,Tomatoes,2020-09-11T05:42:06.68Z,0.0,False
2381930,True,Arrival check,Fruit,Mango,2020-09-11T12:16:37.11Z,0.0,False
2381931,True,Arrival check,Fruit,Mango,2020-09-11T08:40:09.043Z,0.0,False
2382656,True,Arrival check,Vegetable,Mushrooms,2020-09-12T08:24:39.09Z,1.0,True
2382657,True,Arrival check,Vegetable,Mushrooms,2020-09-14T11:02:59.79Z,1.0,True
2383357,True,Arrival check,Fruit,Mango,2020-09-13T10:02:29.6Z,0.0,False
2383904,True,Arrival check,Vegetable,Mushrooms,2020-09-10T04:52:29.603Z,0.5,True
2384264,True,Arrival check,Vegetable,Tomatoes,2020-09-12T11:02:01.627Z,0.0,False
2384266,True,Arrival check,Vegetable,Tomatoes,2020-09-14T10:00:03.357Z,0.0,False
2384267,True,Arrival check,Vegetable,Tomatoes,2020-09-14T10:22:50.727Z,0.0,False
2385144,True,Arrival check,Vegetable,Mushrooms,2020-09-16T04:36:13.257Z,0.0,False
2385940,True,Arrival check,Vegetable,Tomatoes,2020-09-17T11:55:12.597Z,0.0,False
2386024,True,Arrival check,Fruit,Mango,2020-09-17T07:03:22.403Z,1.0,True
2386025,True,Arrival check,Fruit,Mango,2020-09-17T08:18:19.593Z,0.0,False
2386790,True,Arrival check,Fruit,Mango,2020-09-18T10:58:20.047Z,0.0,False
2386832,True,Arrival check,Vegetable,Mushrooms,2020-09-18T05:23:12.45Z,1.0,True
2387153,True,Arrival check,Vegetable,Tomatoes,2020-09-19T09:09:14.443Z,0.0,False
2387847,True,Arrival check,Fruit,Mango,2020-09-19T07:35:14.287Z,0.5,True
2388432,True,Arrival check,Fruit,Mango,2020-09-20T08:43:58.193Z,0.0,False
2389024,True,Arrival check,Fruit,Mango,2020-09-21T07:37:17.297Z,0.5,True
2389550,True,Arrival check,Vegetable,Tomatoes,2020-09-19T10:28:05.467Z,0.0,False
2389552,True,Arrival check,Vegetable,Tomatoes,2020-09-20T10:44:18.227Z,0.0,False
2389554,True,Arrival check,Vegetable,Tomatoes,2020-09-21T08:36:24.783Z,0.0,False
2389555,True,Arrival check,Vegetable,Tomatoes,2020-09-21T08:36:54.157Z,0.0,False
2389556,True,Arrival check,Vegetable,Tomatoes,2020-09-21T12:15:31.133Z,0.0,False
2389557,True,Arrival check,Vegetable,Tomatoes,2020-09-22T09:11:10.607Z,0.0,False
2389700,True,Arrival check,Vegetable,Tomatoes,2020-09-22T11:16:02.253Z,0.0,False
2390240,True,Arrival check,Vegetable,Tomatoes,2020-09-12T07:49:45.383Z,1.0,True
2391983,True,Arrival check,Fruit,Mango,2020-09-25T04:22:39.017Z,0.33,True
2391993,True,Arrival check,Fruit,Mango,2020-09-25T10:11:19.28Z,1.0,True
2392690,True,Arrival check,Fruit,Mango,2020-09-26T04:52:33.647Z,0.0,False
2392697,True,Arrival check,Fruit,Mango,2020-09-26T07:32:49.5Z,0.0,False
2392926,True,Arrival check,Fruit,Mango,2020-09-06T06:18:34.057Z,1.0,True
2393322,True,Arrival check,Fruit,Mango,2020-09-28T09:02:52.643Z,1.0,True
2394002,True,Arrival check,Fruit,Mango,2020-09-29T10:53:32.85Z,0.0,False
2394092,True,Arrival check,Fruit,Mango,2020-09-28T09:25:01.1Z,0.0,False
2394431,True,Arrival check,Vegetable,Mushrooms,2020-09-23T05:34:34.913Z,0.5,True
2394734,True,Arrival check,Fruit,Mango,2020-09-29T08:36:31.773Z,1.0,True
2395061,True,Arrival check,Fruit,Mango,2020-09-30T04:11:29.683Z,0.0,False
2395410,True,Arrival check,Fruit,Mango,2020-10-01T11:25:49.537Z,0.0,False
2395979,True,Arrival check,Fruit,Mango,2020-09-30T23:08:58.997Z,1.0,True
2396183,True,Arrival check,Fruit,Mango,2020-10-01T10:03:02.99Z,0.75,True
2397527,True,Arrival check,Fruit,Mango,2020-10-03T04:30:46.71Z,0.33,True
2397736,True,Arrival check,Fruit,Mango,2020-10-04T10:37:13.54Z,0.0,False
2398481,True,Arrival check,Fruit,Mango,2020-10-04T05:37:57.35Z,1.0,True
2398756,True,Arrival check,Vegetable,Mushrooms,2020-10-03T04:48:48.317Z,0.5,True
2399056,True,Arrival check,Fruit,Mango,2020-10-05T08:22:27.283Z,0.0,False
2399064,True,Arrival check,Fruit,Mango,2020-10-05T03:35:41.757Z,1.0,True
2399067,True,Arrival check,Fruit,Mango,2020-10-07T08:30:00.663Z,1.0,True
2399203,True,Arrival check,Vegetable,Mushrooms,2020-10-05T08:05:13.873Z,1.0,True
2399604,True,Arrival check,Fruit,Mango,2020-10-06T06:22:29.71Z,1.0,True
2399605,True,Arrival check,Fruit,Mango,2020-10-06T03:33:46.96Z,0.0,False
2399606,True,Arrival check,Fruit,Mango,2020-10-07T09:34:48.747Z,0.0,False
2399943,True,Arrival check,Fruit,Mango,2020-10-08T10:35:23.967Z,0.67,True
2400998,True,Arrival check,Fruit,Mango,2020-10-08T08:45:24.687Z,1.0,True
2401848,True,Arrival check,Vegetable,Mushrooms,2020-09-25T04:34:42.72Z,0.0,False
2402421,True,Arrival check,Vegetable,Mushrooms,2020-10-10T05:15:35.21Z,1.0,True
2402557,True,Arrival check,Vegetable,Mushrooms,2020-09-30T06:07:59.827Z,0.0,False
2402590,True,Arrival check,Fruit,Mango,2020-10-10T03:08:48.18Z,1.0,True
2403743,True,Arrival check,Fruit,Mango,2020-10-13T11:43:18.86Z,0.5,True
2403747,True,Arrival check,Fruit,Mango,2020-10-12T07:29:05.153Z,0.75,True
2404045,True,Arrival check,Fruit,Mango,2020-10-13T08:51:57.783Z,0.0,False
2404218,True,Arrival check,Vegetable,Mushrooms,2020-09-23T10:24:08.603Z,0.0,False
2404397,True,Arrival check,Fruit,Mango,2020-10-14T11:08:46.007Z,0.5,True
2404509,True,Arrival check,Vegetable,Tomatoes,2020-10-08T08:41:39.427Z,0.0,False
2404580,True,Arrival check,Vegetable,Tomatoes,2020-10-10T08:10:53.497Z,0.0,False
2404765,True,Arrival check,Vegetable,Tomatoes,2020-10-12T10:05:39.24Z,0.0,False
2404766,True,Arrival check,Vegetable,Tomatoes,2020-10-12T08:32:29.66Z,0.0,False
2404768,True,Arrival check,Vegetable,Tomatoes,2020-10-13T10:35:23.77Z,0.0,False
2404769,True,Arrival check,Vegetable,Tomatoes,2020-10-13T08:00:38.643Z,0.0,False
2405003,True,Arrival check,Vegetable,Tomatoes,2020-10-15T11:04:04.253Z,0.0,False
2405004,True,Arrival check,Vegetable,Tomatoes,2020-10-15T08:52:40.113Z,0.0,False
2405054,True,Arrival check,Fruit,Mango,2020-10-14T05:54:41.663Z,0.0,False
2405058,True,Arrival check,Fruit,Mango,2020-10-15T11:15:24.977Z,0.0,False
2406056,True,Arrival check,Vegetable,Mushrooms,2020-10-15T04:25:51.83Z,0.0,False
2406227,True,Arrival check,Fruit,Mango,2020-10-16T10:34:59.01Z,0.0,False
2406627,True,Arrival check,Vegetable,Corn,2020-10-17T12:59:28.247Z,0.0,False
2406629,True,Arrival check,Vegetable,Corn,2020-10-17T06:29:10.203Z,1.0,True
2406879,True,Arrival check,Vegetable,Mushrooms,2020-10-16T05:06:22.07Z,0.0,False
2406890,True,Arrival check,Vegetable,Tomatoes,2020-10-17T07:43:04.05Z,0.0,False
2406897,True,Arrival check,Vegetable,Tomatoes,2020-10-15T10:39:57.05Z,0.0,False
2407013,True,Arrival check,Fruit,Mango,2020-10-16T10:57:13.977Z,0.0,False
2407723,True,Arrival check,Vegetable,Tomatoes,2020-10-18T10:33:11.713Z,0.0,False
2408236,True,Arrival check,Vegetable,Tomatoes,2020-10-19T12:07:37.077Z,0.0,False
2408237,True,Arrival check,Vegetable,Tomatoes,2020-10-19T10:28:06.787Z,0.0,False
2409409,True,Arrival check,Vegetable,Tomatoes,2020-10-20T06:46:46.373Z,0.0,False
2409460,True,Arrival check,Vegetable,Tomatoes,2020-10-20T08:55:04.323Z,0.0,False
2409781,True,Arrival check,Fruit,Mango,2020-10-20T05:15:30.347Z,1.0,True
2409944,True,Arrival check,Vegetable,Tomatoes,2020-10-21T08:53:35.683Z,0.0,False
2410168,True,Arrival check,Vegetable,Tomatoes,2020-10-20T07:10:17.24Z,0.0,False
2411175,True,Arrival check,Vegetable,Mushrooms,2020-10-22T04:51:41.747Z,1.0,True
2411183,True,Arrival check,Fruit,Mango,2020-10-23T11:43:26.563Z,0.0,False
2411499,True,Arrival check,Fruit,Mango,2020-10-22T09:57:26.867Z,0.0,False
2411572,True,Arrival check,Vegetable,Tomatoes,2020-10-22T05:44:05.687Z,0.0,False
2411573,True,Arrival check,Vegetable,Tomatoes,2020-10-23T10:27:05.103Z,0.0,False
2412759,True,Arrival check,Vegetable,Tomatoes,2020-10-23T06:41:04.01Z,0.0,False
2412766,True,Arrival check,Vegetable,Tomatoes,2020-10-24T08:54:02.937Z,0.0,False
2412767,True,Arrival check,Vegetable,Tomatoes,2020-10-25T08:38:03.337Z,0.0,False
2414403,True,Arrival check,Vegetable,Mushrooms,2020-10-26T10:56:39.433Z,1.0,True
2414466,True,Arrival check,Vegetable,Tomatoes,2020-10-25T07:06:38.543Z,0.0,False
2414879,True,Arrival check,Vegetable,Tomatoes,2020-10-26T11:43:29.857Z,0.0,False
2414887,True,Arrival check,Vegetable,Tomatoes,2020-10-28T11:08:44.183Z,0.0,False
2414888,True,Arrival check,Vegetable,Tomatoes,2020-10-28T05:30:24.49Z,0.0,False
2415346,True,Arrival check,Vegetable,Tomatoes,2020-10-27T07:14:01.403Z,0.0,False
2415351,True,Arrival check,Vegetable,Tomatoes,2020-10-29T08:38:10.12Z,0.0,False
2416173,True,Arrival check,Fruit,Mango,2020-10-29T10:24:57.237Z,0.0,False
2416296,True,Arrival check,Vegetable,Tomatoes,2020-10-28T05:52:30.62Z,0.0,False
2416714,True,Arrival check,Vegetable,Tomatoes,2020-10-29T06:26:25.467Z,0.0,False
2416717,True,Arrival check,Vegetable,Tomatoes,2020-10-31T05:58:41.583Z,0.0,False
2417239,True,Arrival check,Vegetable,Mushrooms,2020-10-30T05:04:31.203Z,0.0,False
2417475,True,Arrival check,Vegetable,Tomatoes,2020-10-30T06:42:28.397Z,0.0,False
2417478,True,Arrival check,Vegetable,Tomatoes,2020-11-01T08:58:01.867Z,0.0,False
2417479,True,Arrival check,Vegetable,Tomatoes,2020-11-01T10:39:07.52Z,0.0,False
2417733,True,Arrival check,Vegetable,Mushrooms,2020-11-02T07:01:16.77Z,0.0,False
2417813,True,Arrival check,Fruit,Mango,2020-10-31T10:10:47.95Z,0.5,True
2417814,True,Arrival check,Fruit,Mango,2020-10-31T06:05:55.703Z,0.0,False
2418019,True,Arrival check,Vegetable,Tomatoes,2020-11-01T10:34:26.197Z,0.0,False
2418021,True,Arrival check,Vegetable,Tomatoes,2020-11-02T05:13:24.523Z,0.0,False
2418025,True,Arrival check,Vegetable,Tomatoes,2020-10-20T06:46:46.373Z,0.0,False
2419074,True,Arrival check,Fruit,Mango,2020-11-02T05:32:25.307Z,1.0,True
2419474,True,Arrival check,Vegetable,Tomatoes,2020-11-01T06:51:39.74Z,0.0,False
2419480,True,Arrival check,Vegetable,Tomatoes,2020-11-03T10:27:10.363Z,0.0,False
2419629,True,Chilled Arrival,Meat,Ham,2020-11-05T15:48:40.617Z,0.5,True
2419898,True,Arrival check,Vegetable,Mixed Vegetable,2020-11-04T05:30:12.09Z,0.0,False
2420116,True,Arrival check,Vegetable,Tomatoes,2020-11-04T11:09:46.433Z,0.0,False
2420123,True,Arrival check,Vegetable,Tomatoes,2020-11-05T11:30:03.937Z,0.0,False
2420124,True,Arrival check,Vegetable,Tomatoes,2020-11-05T06:20:36.733Z,0.0,False
2420989,True,Arrival check,Vegetable,Tomatoes,2020-11-06T05:31:58.087Z,0.0,False
2421343,True,Arrival check,Fruit,Mango,2020-11-05T08:47:57.287Z,1.0,True
2421349,True,Arrival check,Fruit,Mango,2020-11-05T10:44:14.37Z,0.75,True
2421836,True,Arrival check,Vegetable,Mixed Vegetable,2020-11-06T10:05:33.49Z,1.0,True
2421851,True,Arrival check,Vegetable,Tomatoes,2020-11-05T06:04:25.937Z,0.0,False
2422164,True,Arrival check,Vegetable,Tomatoes,2020-11-07T11:14:14.14Z,0.0,False
2422437,True,Arrival check,Vegetable,Mushrooms,2020-11-07T06:27:04.763Z,1.0,True
2422542,True,Arrival check,Fruit,Mango,2020-11-07T08:48:06.617Z,1.0,True
2423487,True,Arrival check,Vegetable,Cauliflower,2020-11-07T05:50:33.567Z,0.0,False
2424360,True,Arrival check,Vegetable,Tomatoes,2020-11-10T10:28:43.19Z,0.0,False
2424369,True,Arrival check,Vegetable,Tomatoes,2020-11-11T06:59:40.667Z,0.0,False
2425025,True,Arrival check,Fruit,Mango,2020-11-11T10:34:25.24Z,1.0,True
2425698,True,Arrival check,Vegetable,Corn,2020-11-10T07:02:12.74Z,1.0,True
2426310,True,Arrival check,Vegetable,Tomatoes,2020-11-10T06:02:39.267Z,0.0,False
2426313,True,Arrival check,Vegetable,Tomatoes,2020-11-12T11:01:00.97Z,0.0,False
2426314,True,Arrival check,Vegetable,Tomatoes,2020-11-12T09:42:26.257Z,1.0,True
2426315,True,Arrival check,Vegetable,Tomatoes,2020-11-11T07:49:14.5Z,0.0,False
2426318,True,Arrival check,Vegetable,Tomatoes,2020-11-13T07:56:28.81Z,0.0,False
2426893,True,Arrival check,Vegetable,Tomatoes,2020-11-12T06:58:27.647Z,0.0,False
2426899,True,Arrival check,Vegetable,Tomatoes,2020-11-14T07:35:48.77Z,0.0,False
2427092,True,Arrival check,Fruit,Mango,2020-11-13T06:20:51.64Z,0.0,False
2427625,True,Arrival check,Vegetable,Tomatoes,2020-11-15T08:01:46.553Z,0.0,False
2428066,True,Arrival check,Vegetable,Tomatoes,2020-11-14T05:47:14.797Z,0.0,False
2428068,True,Arrival check,Vegetable,Tomatoes,2020-11-15T11:35:08.263Z,0.0,False
2428069,True,Arrival check,Vegetable,Tomatoes,2020-11-16T09:48:52.287Z,0.0,False
2429311,True,Arrival check,Vegetable,Tomatoes,2020-11-15T07:26:01.21Z,0.0,False
2429314,True,Arrival check,Vegetable,Tomatoes,2020-11-17T07:52:07.127Z,0.0,False
2429344,True,Arrival check,Vegetable,Tomatoes,2020-11-18T10:48:44.963Z,0.0,False
2430001,True,Arrival check,Vegetable,Tomatoes,2020-11-19T10:31:35.75Z,1.0,True
2431836,True,Arrival check,Fruit,Mango,2020-11-20T06:51:23.973Z,0.5,True
2432457,True,Arrival check,Vegetable,Mushrooms,2020-11-21T05:49:36.767Z,0.0,False
2432850,True,Arrival check,Vegetable,Tomatoes,2020-11-21T06:18:36.203Z,0.0,False
2432853,True,Arrival check,Vegetable,Tomatoes,2020-11-22T07:27:02.79Z,0.0,False
2433920,True,Arrival check,Vegetable,Tomatoes,2020-11-22T11:02:29.22Z,0.0,False
2433925,True,Arrival check,Vegetable,Tomatoes,2020-11-23T11:55:27.74Z,0.0,False
2433926,True,Arrival check,Vegetable,Tomatoes,2020-11-24T07:53:52.99Z,0.0,False
2433930,True,Arrival check,Vegetable,Tomatoes,2020-11-25T10:17:57.973Z,0.0,False
2433932,True,Arrival check,Vegetable,Tomatoes,2020-11-25T08:11:06.797Z,0.0,False
2434006,True,Arrival check,Fruit,Mango,2020-11-24T07:23:15.707Z,1.0,True
2434707,True,Arrival check,Vegetable,Tomatoes,2020-11-26T04:58:49.94Z,0.0,False
2434833,True,Arrival check,Fruit,Mango,2020-11-25T07:21:55.257Z,0.33,True
2434838,True,Arrival check,Fruit,Mango,2020-11-25T02:43:59.713Z,0.0,False
2435432,True,Arrival check,Vegetable,Tomatoes,2020-11-27T09:44:39.313Z,0.0,False
2435433,True,Arrival check,Vegetable,Tomatoes,2020-11-27T05:45:20.547Z,0.0,False
2436293,True,Arrival check,Vegetable,Tomatoes,2020-11-26T06:43:24.667Z,0.0,False
2436909,True,Arrival check,Fruit,Mango,2020-11-29T10:52:23.52Z,0.0,False
2437216,True,Arrival check,Vegetable,Tomatoes,2020-11-27T06:34:14.6Z,0.0,False
2437228,True,Arrival check,Vegetable,Tomatoes,2020-11-28T11:20:25.06Z,0.0,False
2437229,True,Arrival check,Vegetable,Tomatoes,2020-11-29T09:09:33.453Z,0.0,False
2437636,True,Arrival check,Vegetable,Tomatoes,2020-11-30T09:29:56.667Z,0.0,False
2438036,True,Arrival check,Vegetable,Mushrooms,2020-11-29T05:53:51.7Z,1.0,True
2438528,True,Arrival check,Fruit,Mango,2020-12-01T08:40:45.903Z,1.0,True
2438529,True,Arrival check,Fruit,Mango,2020-12-02T08:27:49.933Z,0.0,False
2438535,True,Arrival check,Fruit,Mango,2020-12-01T07:30:11.963Z,1.0,True
2438610,True,Arrival check,Vegetable,Tomatoes,2020-12-01T08:41:56.387Z,0.0,False
2438611,True,Arrival check,Vegetable,Tomatoes,2020-12-01T05:49:36.73Z,0.0,False
2438612,True,Arrival check,Vegetable,Tomatoes,2020-11-30T06:52:00.233Z,0.0,False
2438626,True,Arrival check,Vegetable,Tomatoes,2020-12-01T06:01:04.883Z,0.0,False
2438627,True,Arrival check,Vegetable,Tomatoes,2020-12-02T11:06:19.55Z,0.0,False
2438919,True,Arrival check,Vegetable,Mixed Vegetable,2020-12-02T05:38:52.257Z,0.0,False
2439242,True,Arrival check,Vegetable,Zucchini,2020-12-02T08:23:43.913Z,1.0,True
2439501,True,Arrival check,Vegetable,Tomatoes,2020-12-02T12:00:09.62Z,0.0,False
2439502,True,Arrival check,Vegetable,Tomatoes,2020-12-03T10:33:50.78Z,0.0,False
2439503,True,Arrival check,Vegetable,Tomatoes,2020-12-03T06:17:49.06Z,0.0,False
2439900,True,Arrival check,Vegetable,Mixed Vegetable,2020-12-03T05:53:56.74Z,0.0,False
2440122,True,Arrival check,Vegetable,Zucchini,2020-12-03T07:24:55.937Z,0.0,False
2440464,True,Arrival check,Vegetable,Tomatoes,2020-12-03T06:19:15.873Z,0.0,False
2440497,True,Arrival check,Fruit,Mango,2020-12-03T04:22:16.273Z,1.0,True
2440776,True,Arrival check,Vegetable,Mixed Vegetable,2020-12-04T10:14:43.403Z,0.0,False
2441120,True,Arrival check,Vegetable,Tomatoes,2020-12-05T10:04:42.197Z,0.0,False
2441786,True,Arrival check,Vegetable,Zucchini,2020-12-05T07:01:28.177Z,0.0,False
2441830,True,Arrival check,Fruit,Mango,2020-12-05T07:23:59.553Z,0.0,False
2441997,True,Arrival check,Vegetable,Tomatoes,2020-12-04T07:18:27.1Z,0.0,False
2442000,True,Arrival check,Vegetable,Tomatoes,2020-12-06T08:34:17.83Z,0.0,False
2442655,True,Arrival check,Vegetable,Tomatoes,2020-12-05T08:12:30.937Z,0.0,False
2442661,True,Arrival check,Vegetable,Tomatoes,2020-12-06T06:58:02.16Z,0.0,False
2442662,True,Arrival check,Vegetable,Tomatoes,2020-12-07T10:36:04.14Z,0.0,False
2443688,True,Arrival check,Vegetable,Tomatoes,2020-12-06T10:13:24.223Z,0.0,False
2443691,True,Arrival check,Vegetable,Tomatoes,2020-12-08T08:48:52.83Z,0.0,False
2443692,True,Arrival check,Vegetable,Tomatoes,2020-12-08T06:53:24.313Z,1.0,True
2443693,True,Arrival check,Vegetable,Tomatoes,2020-12-07T06:58:25.063Z,0.0,False
2443695,True,Arrival check,Vegetable,Tomatoes,2020-12-08T08:30:04.75Z,0.0,False
2443731,True,Arrival check,Fruit,Mango,2020-12-08T11:03:53.403Z,1.0,True
2444502,True,Arrival check,Vegetable,Tomatoes,2020-12-09T10:38:56.197Z,0.0,False
2444504,True,Arrival check,Vegetable,Tomatoes,2020-12-10T07:19:03.167Z,0.0,False
2445468,True,Arrival check,Vegetable,Tomatoes,2020-12-09T06:24:01.667Z,0.0,False
2445478,True,Arrival check,Vegetable,Tomatoes,2020-12-11T05:41:19.867Z,0.0,False
2445520,True,Arrival check,Vegetable,Mushrooms,2020-12-10T06:32:53.643Z,0.0,False
2445531,True,Arrival check,Fruit,Mango,2020-12-10T08:21:35.173Z,1.0,True
2445767,True,Chilled Arrival,Meat,Sausage,2020-11-30T09:57:11.813Z,0.0,False
2445857,True,Arrival check,Vegetable,Mixed Vegetable,2020-12-11T09:53:07.777Z,0.0,False
2446501,True,Arrival check,Vegetable,Tomatoes,2020-12-12T06:19:44.523Z,0.0,False
2446690,True,Arrival check,Fruit,Mango,2020-12-11T10:16:54.557Z,0.0,False
2447102,True,Arrival check,Vegetable,Mushrooms,2020-12-12T05:01:55.78Z,0.0,False
2447362,True,Arrival check,Vegetable,Tomatoes,2020-12-11T07:25:48.79Z,0.0,False
2447365,True,Arrival check,Vegetable,Tomatoes,2020-12-13T08:57:02.977Z,0.0,False
2447859,True,Arrival check,Vegetable,Tomatoes,2020-12-12T07:41:03.37Z,0.0,False
2448959,True,Arrival check,Vegetable,Tomatoes,2020-12-15T11:06:21.85Z,0.0,False
2448961,True,Arrival check,Vegetable,Tomatoes,2020-12-15T04:58:58.35Z,0.0,False
2449761,True,Arrival check,Fruit,Mango,2020-12-16T08:16:54.263Z,0.0,False
2450834,True,Arrival check,Vegetable,Mushrooms,2020-12-17T06:42:11.533Z,0.0,False
2452035,True,Arrival check,Vegetable,Zucchini,2020-12-19T10:39:46.243Z,1.0,True
2452837,True,Arrival check,Vegetable,Zucchini,2020-12-20T08:59:58.417Z,0.0,False
2455109,True,Arrival check,Vegetable,Mushrooms,2020-12-23T03:05:26.567Z,0.0,False
2455186,True,Arrival check,Vegetable,Zucchini,2020-12-23T08:13:02.35Z,0.0,False
2455528,True,Arrival check,Fruit,Mango,2020-12-23T10:14:18.98Z,0.0,False
2456772,True,Chilled Arrival,Dairy,Cheese,2020-12-29T10:19:24.847Z,0.0,False
2458051,True,Arrival check,Vegetable,Zucchini,2020-12-29T10:33:59.477Z,0.0,False
2458280,True,Arrival check,Fruit,Mango,2020-12-29T04:42:18.4Z,0.25,True
2458642,True,Arrival check,Vegetable,Zucchini,2020-12-30T10:23:22.04Z,0.0,False
2458798,True,Arrival check,Vegetable,Mixed Vegetable,2020-12-26T05:33:06.617Z,0.0,False
2459685,True,Arrival check,Vegetable,Mushrooms,2020-12-31T07:40:41.36Z,1.0,True
2459716,True,Arrival check,Fruit,Mango,2020-12-31T08:05:50.43Z,0.0,False
2459717,True,Arrival check,Fruit,Mango,2020-12-31T02:25:33.537Z,1.0,True
2460798,True,Chilled Arrival,Dairy,Cheese,2021-01-06T09:38:29.083Z,0.0,False
2461266,True,Arrival check,Vegetable,Mushrooms,2021-01-02T05:09:12.297Z,0.0,False
2462846,True,Arrival check,Vegetable,Zucchini,2021-01-06T07:54:45.18Z,0.0,False
2462957,True,Arrival check,Vegetable,Mushrooms,2021-01-06T05:27:10.113Z,0.0,False
2463172,True,Arrival check,Fruit,Mango,2021-01-07T10:13:04.633Z,1.0,True
2464332,True,Arrival check,Vegetable,Zucchini,2021-01-08T10:48:47.563Z,0.0,False
2464509,True,Arrival check,Fruit,Mango,2021-01-08T09:07:38.623Z,1.0,True
2464539,True,Arrival check,Fruit,Mango,2021-01-09T12:24:25.587Z,0.0,False
2465416,True,Arrival check,Vegetable,Tomatoes,2021-01-08T06:05:08.717Z,0.0,False
2465417,True,Arrival check,Vegetable,Tomatoes,2021-01-09T06:50:59.28Z,0.0,False
2465418,True,Arrival check,Vegetable,Tomatoes,2021-01-10T10:17:22.003Z,0.0,False
2465419,True,Arrival check,Vegetable,Tomatoes,2021-01-10T08:51:06.683Z,0.0,False
2465852,True,Arrival check,Fruit,Mango,2021-01-10T07:54:06.77Z,0.0,False
2466028,True,Arrival check,Vegetable,Tomatoes,2021-01-09T06:59:14.833Z,0.0,False
2466032,True,Arrival check,Vegetable,Tomatoes,2021-01-10T04:54:52.83Z,0.0,False
2466033,True,Arrival check,Vegetable,Tomatoes,2021-01-11T09:19:41.857Z,0.0,False
2466544,True,Chilled Arrival,Dairy,Cheese,2021-01-14T13:36:31.477Z,1.0,True
2466618,True,Arrival check,Vegetable,Zucchini,2021-01-12T07:16:47.407Z,0.0,False
2467311,True,Arrival check,Vegetable,Zucchini,2021-01-13T10:09:28.6Z,1.0,True
2467359,True,Arrival check,Vegetable,Tomatoes,2021-01-12T09:28:19.723Z,0.0,False
2467361,True,Arrival check,Vegetable,Tomatoes,2021-01-11T06:19:46.08Z,0.0,False
2467366,True,Arrival check,Vegetable,Tomatoes,2021-01-13T11:32:38.003Z,0.0,False
2467557,True,Arrival check,Vegetable,Mushrooms,2021-01-13T04:49:25.693Z,0.0,False
2468128,True,Arrival check,Vegetable,Zucchini,2021-01-14T09:00:29.14Z,0.0,False
2468133,True,Arrival check,Vegetable,Zucchini,2021-01-14T04:54:23.52Z,1.0,True
2468255,True,Arrival check,Vegetable,Tomatoes,2021-01-15T08:59:23.947Z,0.0,False
2468269,True,Arrival check,Vegetable,Mushrooms,2021-01-14T04:49:31.86Z,0.0,False
2468876,True,Arrival check,Vegetable,Mushrooms,2021-01-15T08:29:20.843Z,0.0,False
2469202,True,Arrival check,Fruit,Mango,2021-01-15T10:12:21.7Z,0.0,False
2469428,True,Arrival check,Vegetable,Tomatoes,2021-01-15T07:01:26.537Z,0.0,False
2469431,True,Arrival check,Vegetable,Tomatoes,2021-01-17T09:36:53.507Z,0.0,False
2470053,True,Arrival check,Vegetable,Tomatoes,2021-01-18T06:36:52.047Z,0.0,False
2470573,True,Arrival check,Vegetable,Zucchini,2021-01-18T07:27:03.023Z,1.0,True
2471004,True,Arrival check,Vegetable,Tomatoes,2021-01-19T08:09:24.007Z,0.0,False
2471011,True,Arrival check,Vegetable,Tomatoes,2021-01-20T11:05:02.307Z,0.0,False
2471433,True,Arrival check,Vegetable,Tomatoes,2021-01-21T10:12:03.377Z,0.0,False
2471434,True,Arrival check,Vegetable,Tomatoes,2021-01-21T07:15:50.033Z,1.0,True
2471610,True,Arrival check,Vegetable,Zucchini,2021-01-20T09:41:37.833Z,1.0,True
2471694,True,Chilled Arrival,Dairy,Cheese,2021-01-22T08:55:17.33Z,0.0,False
2471737,True,Arrival check,Vegetable,Tomatoes,2021-01-19T07:43:11.247Z,0.5,True
2472399,True,Arrival check,Vegetable,Zucchini,2021-01-21T10:35:34.367Z,0.0,False
2472607,True,Arrival check,Vegetable,Tomatoes,2021-01-20T07:01:42.92Z,1.0,True
2472608,True,Arrival check,Vegetable,Tomatoes,2021-01-20T11:46:17.153Z,0.0,False
2472610,True,Arrival check,Vegetable,Tomatoes,2021-01-21T06:22:09.523Z,0.0,False
2472611,True,Arrival check,Vegetable,Tomatoes,2021-01-22T10:27:29.31Z,1.0,True
2474059,True,Arrival check,Vegetable,Tomatoes,2021-01-22T07:11:30.653Z,1.0,True
2474066,True,Arrival check,Vegetable,Tomatoes,2021-01-24T07:40:36.573Z,0.0,False
2474331,True,Chilled Arrival,Dairy,Cheese,2021-01-04T08:50:37.19Z,0.0,False
2474334,True,Chilled Arrival,Dairy,Cheese,2021-01-02T09:21:22.657Z,0.0,False
2474552,True,Arrival check,Vegetable,Tomatoes,2021-01-23T09:09:23.077Z,0.0,False
2474997,True,Arrival check,Vegetable,Zucchini,2021-01-25T05:39:15.137Z,1.0,True
2475442,True,Arrival check,Vegetable,Tomatoes,2021-01-24T11:08:59.033Z,0.0,False
2475446,True,Arrival check,Vegetable,Tomatoes,2021-01-26T06:58:16.24Z,0.0,False
2475447,True,Arrival check,Vegetable,Tomatoes,2021-01-26T08:17:43.983Z,0.0,False
2475448,True,Arrival check,Vegetable,Tomatoes,2021-01-25T07:10:41.6Z,0.0,False
2475451,True,Arrival check,Vegetable,Tomatoes,2021-01-27T08:40:48.23Z,0.0,False
2475695,True,Arrival check,Vegetable,Corn,2021-01-27T07:48:38.057Z,0.0,False
2475696,True,Arrival check,Vegetable,Corn,2021-01-27T07:48:38.057Z,0.0,False
2476736,True,Arrival check,Vegetable,Tomatoes,2021-01-27T07:30:17.497Z,0.0,False
2478280,True,Arrival check,Vegetable,Mushrooms,2021-01-22T04:22:05.193Z,0.0,False
2478405,True,Arrival check,Vegetable,Tomatoes,2021-01-31T09:43:38.717Z,0.0,False
2478745,True,Arrival check,Vegetable,Tomatoes,2021-02-01T10:27:09.507Z,0.0,False
2478755,True,Chilled Arrival,Dairy,Cheese,2021-02-03T07:50:00.163Z,0.0,False
2479368,True,Arrival check,Vegetable,Zucchini,2021-02-01T10:58:42.36Z,0.0,False
2479745,True,Arrival check,Vegetable,Zucchini,2021-02-02T10:57:13.357Z,0.0,False
2479936,True,Arrival check,Vegetable,Tomatoes,2021-02-03T06:48:53.403Z,1.0,True
2480717,True,Arrival check,Vegetable,Tomatoes,2021-02-04T08:03:13.81Z,0.0,False
2482043,True,Arrival check,Vegetable,Tomatoes,2021-02-05T05:46:28.607Z,0.0,False
2482825,True,Arrival check,Vegetable,Tomatoes,2021-02-07T09:12:12.973Z,1.0,True
2483551,True,Chilled Arrival,Dairy,Cheese,2021-02-04T06:14:54.283Z,0.0,False
2484820,True,Arrival check,Vegetable,Tomatoes,2021-02-08T08:28:15.85Z,0.0,False
2484853,True,Arrival check,Vegetable,Tomatoes,2021-02-09T05:40:00.293Z,0.0,False
2484862,True,Arrival check,Vegetable,Tomatoes,2021-02-10T10:07:13.597Z,0.0,False
2485213,True,Arrival check,Vegetable,Tomatoes,2021-02-09T08:12:50.357Z,0.0,False
2485387,True,Arrival check,Vegetable,Zucchini,2021-02-10T04:40:58.023Z,0.0,False
2486545,True,Arrival check,Vegetable,Tomatoes,2021-02-10T06:04:55.04Z,0.0,False
2487144,True,Arrival check,Vegetable,Zucchini,2021-02-12T09:17:15.19Z,0.0,False
2487305,True,Arrival check,Vegetable,Tomatoes,2021-02-11T06:39:11.157Z,0.0,False
2487310,True,Arrival check,Vegetable,Tomatoes,2021-02-12T07:38:18.053Z,1.0,True
2489286,True,Arrival check,Vegetable,Mushrooms,2021-02-13T09:48:21.847Z,0.0,False
2489431,True,Arrival check,Vegetable,Tomatoes,2021-02-12T07:34:35.14Z,0.0,False
2489434,True,Arrival check,Vegetable,Tomatoes,2021-02-14T10:15:53.63Z,0.0,False
2489519,True,Arrival check,Vegetable,Tomatoes,2021-02-13T10:05:59.193Z,0.0,False
2489521,True,Arrival check,Vegetable,Tomatoes,2021-02-15T09:54:58.063Z,0.0,False
2489592,True,Arrival check,Vegetable,Zucchini,2021-02-15T10:12:18.377Z,1.0,True
2490114,True,Arrival check,Vegetable,Zucchini,2021-02-15T10:12:18.377Z,1.0,True
2490201,True,Arrival check,Vegetable,Zucchini,2021-02-09T07:36:43.547Z,0.0,False
2490867,True,Arrival check,Vegetable,Tomatoes,2021-02-16T10:40:14.553Z,0.0,False
2490889,True,Arrival check,Vegetable,Tomatoes,2021-02-16T10:40:14.553Z,0.0,False
2491085,True,Chilled Arrival,Meat,Ham,2021-02-18T17:03:10.437Z,0.0,False
2492155,True,Arrival check,Vegetable,Mushrooms,2021-02-18T07:33:09.27Z,0.0,False
2492373,True,Arrival check,Vegetable,Tomatoes,2021-02-14T10:10:59.563Z,0.0,False
2492384,True,Arrival check,Vegetable,Tomatoes,2021-02-15T08:16:19.46Z,0.0,False
2492389,True,Arrival check,Vegetable,Tomatoes,2021-02-17T07:48:06.327Z,0.0,False
2492390,True,Arrival check,Vegetable,Tomatoes,2021-02-16T07:09:06.517Z,0.0,False
2492458,True,Arrival check,Vegetable,Tomatoes,2021-02-19T06:11:59.327Z,0.0,False
2492916,True,Arrival check,Vegetable,Mushrooms,2021-02-19T06:20:32.363Z,0.0,False
2492920,True,Arrival check,Vegetable,Mushrooms,2021-02-21T11:38:28.93Z,0.0,False
2493002,True,Arrival check,Vegetable,Tomatoes,2021-02-20T09:46:37.67Z,0.0,False
2493799,True,Arrival check,Fruit,Mango,2021-02-20T06:47:29.567Z,0.5,True
2494129,True,Arrival check,Vegetable,Zucchini,2021-02-21T07:51:03.057Z,1.0,True
2494313,True,Arrival check,Fruit,Mango,2021-02-21T10:41:17.737Z,1.0,True
2495312,True,Arrival check,Fruit,Mango,2021-02-23T07:48:13.49Z,0.0,False
2495399,True,Arrival check,Vegetable,Tomatoes,2021-02-23T09:24:42.01Z,0.0,False
2495533,True,Arrival check,Vegetable,Tomatoes,2021-02-23T09:24:42.01Z,0.0,False
2495631,True,Arrival check,Vegetable,Tomatoes,2021-02-23T06:28:21.64Z,0.0,False
2495755,True,Arrival check,Vegetable,Zucchini,2021-02-24T07:53:13.613Z,0.0,False
2496456,True,Arrival check,Vegetable,Tomatoes,2021-02-25T09:06:31.603Z,0.0,False
2496457,True,Arrival check,Vegetable,Tomatoes,2021-02-26T10:44:29.517Z,0.0,False
2496592,True,Arrival check,Vegetable,Zucchini,2021-02-25T07:46:17.027Z,1.0,True
2497025,True,Arrival check,Vegetable,Tomatoes,2021-02-25T05:43:42.81Z,0.0,False
2497026,True,Arrival check,Vegetable,Tomatoes,2021-02-25T05:43:42.81Z,0.0,False
2497027,True,Arrival check,Vegetable,Tomatoes,2021-02-25T05:43:42.81Z,0.0,False
2497150,True,Arrival check,Vegetable,Tomatoes,2021-02-25T06:15:39.217Z,0.0,False
2497156,True,Arrival check,Vegetable,Tomatoes,2021-02-26T11:58:10.253Z,0.0,False
2497598,True,Arrival check,Vegetable,Tomatoes,2021-02-26T06:19:45.907Z,0.0,False
2497599,True,Arrival check,Vegetable,Tomatoes,2021-02-26T06:19:45.907Z,0.0,False
2498221,True,Arrival check,Vegetable,Tomatoes,2021-02-26T06:27:17.143Z,0.0,False
2498646,True,Arrival check,Vegetable,Tomatoes,2021-02-28T09:43:43.427Z,0.0,False
2498649,True,Arrival check,Vegetable,Tomatoes,2021-03-01T08:53:22.63Z,0.0,False
2499107,True,Arrival check,Fruit,Mango,2021-02-28T09:04:01.35Z,0.0,False
2499277,True,Arrival check,Fruit,Mango,2021-03-01T08:17:26.903Z,0.0,False
2499559,True,Arrival check,Vegetable,Zucchini,2021-03-02T10:45:30.097Z,1.0,True
2499882,True,Arrival check,Vegetable,Tomatoes,2021-02-28T11:02:19.653Z,0.0,False
2499895,True,Arrival check,Vegetable,Tomatoes,2021-03-02T08:22:25.97Z,0.0,False
2499896,True,Arrival check,Vegetable,Tomatoes,2021-03-02T09:21:31.843Z,1.0,True
2499899,True,Arrival check,Vegetable,Tomatoes,2021-03-03T08:24:33.137Z,0.0,False
2499900,True,Arrival check,Vegetable,Tomatoes,2021-03-03T09:08:57.903Z,1.0,True
2500536,True,Arrival check,Fruit,Mango,2021-03-03T07:01:49.983Z,1.0,True
2501141,True,Chilled Arrival,Dairy,Cheese,2021-02-15T09:01:27.97Z,0.0,False
2501188,True,Chilled Arrival,Dairy,Cheese,2021-02-10T10:50:53.637Z,0.0,False
2501265,True,Arrival check,Vegetable,Tomatoes,2021-03-03T09:14:47.603Z,1.0,True
2501526,True,Arrival check,Vegetable,Cabbage,2021-03-04T06:08:54.37Z,0.0,False
2501635,True,Arrival check,Vegetable,Tomatoes,2021-03-04T10:00:31.207Z,0.0,False
2501825,True,Arrival check,Vegetable,Zucchini,2021-03-05T09:17:08.007Z,1.0,True
2501826,True,Arrival check,Vegetable,Zucchini,2021-03-05T09:08:18.21Z,0.0,False
2502085,True,Arrival check,Fruit,Mango,2021-03-05T08:47:15.94Z,1.0,True
2502842,True,Arrival check,Vegetable,Mushrooms,2021-03-02T04:53:02.543Z,0.0,False
2503224,True,Arrival check,Vegetable,Tomatoes,2021-03-07T05:05:44.497Z,0.0,False
2504142,True,Arrival check,Vegetable,Zucchini,2021-03-09T08:46:26.133Z,1.0,True
2504165,True,Arrival check,Vegetable,Mushrooms,2021-03-09T07:03:30.247Z,0.0,False
2504326,True,Arrival check,Vegetable,Tomatoes,2021-03-09T08:29:11.677Z,0.0,False
2504466,True,Arrival check,Vegetable,Mushrooms,2021-03-10T04:34:10.36Z,0.0,False
2504545,True,Arrival check,Vegetable,Cauliflower,2021-03-09T05:22:26.697Z,0.0,False
2505301,True,Arrival check,Vegetable,Tomatoes,2021-03-09T08:01:39.923Z,1.0,True
2505303,True,Arrival check,Vegetable,Tomatoes,2021-03-09T04:35:23.257Z,0.0,False
2505305,True,Arrival check,Vegetable,Tomatoes,2021-03-10T10:50:01.837Z,0.0,False
2505319,True,Chilled Arrival,Dairy,Cheese,2021-03-04T07:08:08.023Z,0.0,False
2505488,True,Arrival check,Vegetable,Tomatoes,2021-03-12T08:34:08.243Z,0.0,False
2505612,True,Arrival check,Vegetable,Zucchini,2021-03-11T08:04:48.817Z,0.0,False
2505621,True,Arrival check,Vegetable,Zucchini,2021-03-11T09:40:01.04Z,0.0,False
2505955,True,Chilled Arrival,Dairy,Cheese,2021-03-09T06:57:50.727Z,0.0,False
2506154,True,Arrival check,Vegetable,Cabbage,2021-03-11T04:39:49.773Z,0.0,False
2506218,True,Arrival check,Vegetable,Tomatoes,2021-03-12T06:45:41.91Z,0.0,False
2506747,True,Arrival check,Vegetable,Tomatoes,2021-03-12T05:16:15.277Z,0.0,False
2507278,True,Arrival check,Vegetable,Zucchini,2021-03-13T10:36:32.553Z,0.0,False
2507324,True,Arrival check,Vegetable,Tomatoes,2021-03-14T08:34:21.32Z,0.0,False
2507645,True,Arrival check,Vegetable,Tomatoes,2021-03-14T08:09:14.477Z,0.0,False
2507646,True,Arrival check,Vegetable,Tomatoes,2021-03-15T11:12:27.753Z,0.0,False
2507647,True,Arrival check,Vegetable,Tomatoes,2021-03-13T08:26:53.293Z,0.0,False
2507650,True,Arrival check,Vegetable,Tomatoes,2021-03-13T08:26:53.293Z,0.0,False
2507651,True,Arrival check,Vegetable,Tomatoes,2021-03-13T08:26:53.293Z,0.0,False
2507652,True,Arrival check,Vegetable,Tomatoes,2021-03-14T08:53:27.143Z,0.0,False
2507654,True,Arrival check,Vegetable,Tomatoes,2021-03-14T08:53:27.143Z,0.0,False
2507665,True,Arrival check,Vegetable,Corn,2021-03-13T04:59:14.4Z,0.0,False
2507847,True,Chilled Arrival,Meat,Ham,2021-03-18T10:52:09.85Z,0.0,False
2507852,True,Chilled Arrival,Meat,Turkey,2021-03-18T11:04:36.6Z,0.0,False
2508544,True,Arrival check,Vegetable,Zucchini,2021-03-15T11:16:25.64Z,0.0,False
2508986,True,Arrival check,Fruit,Mango,2021-03-16T10:10:39.95Z,0.0,False
2509048,True,Arrival check,Vegetable,Tomatoes,2021-03-15T10:04:31.963Z,0.0,False
2509092,True,Chilled Arrival,Dairy,Cheese,2021-03-02T08:49:58.65Z,0.0,False
2509314,True,Arrival check,Vegetable,Green Beans,2021-03-16T04:41:56.763Z,0.0,False
2509804,True,Arrival check,Vegetable,Cabbage,2021-03-17T04:49:13.273Z,0.0,False
2510547,True,Arrival check,Vegetable,Tomatoes,2021-03-19T08:57:40.887Z,0.0,False
2510701,True,Arrival check,Fruit,Mango,2021-03-18T07:02:19.97Z,0.0,False
2511403,True,Arrival check,Vegetable,Tomatoes,2021-03-18T07:17:05.117Z,0.0,False
2511407,True,Arrival check,Vegetable,Tomatoes,2021-03-19T06:20:14.49Z,0.0,False
2511409,True,Arrival check,Vegetable,Tomatoes,2021-03-20T08:59:52.883Z,0.0,False
2511411,True,Arrival check,Vegetable,Tomatoes,2021-03-20T08:59:52.883Z,0.0,False
2511691,True,Arrival check,Vegetable,Cabbage,2021-03-19T04:46:58.37Z,0.33,True
2512299,True,Arrival check,Vegetable,Mushrooms,2021-03-19T10:50:11.947Z,0.0,False
2512432,True,Arrival check,Vegetable,Cabbage,2021-03-20T04:57:50.303Z,0.0,False
2513695,True,Arrival check,Vegetable,Tomatoes,2021-03-20T07:51:52.847Z,0.0,False
2513696,True,Arrival check,Vegetable,Tomatoes,2021-03-21T10:44:38.327Z,0.0,False
2513699,True,Arrival check,Vegetable,Tomatoes,2021-03-23T08:34:07.583Z,0.0,False
2514000,True,Arrival check,Vegetable,Corn,2021-03-23T04:48:07.937Z,0.0,False
2514003,True,Arrival check,Vegetable,Broccoli,2021-03-23T04:40:12.893Z,0.0,False
2514329,True,Arrival check,Fruit,Mango,2021-03-24T06:13:46.213Z,0.0,False
2514429,True,Arrival check,Fruit,Mango,2021-03-24T10:33:27.743Z,0.0,False
2514582,True,Chilled Arrival,Dairy,Cheese,2021-03-17T06:05:54.563Z,0.0,False
2514589,True,Chilled Arrival,Dairy,Cheese,2021-03-18T06:44:03.63Z,0.0,False
2514607,True,Arrival check,Vegetable,Mushrooms,2021-03-25T05:36:33.827Z,0.0,False
2514689,True,Arrival check,Vegetable,Cabbage,2021-03-24T07:26:09.763Z,0.0,False
2514860,True,Arrival check,Vegetable,Tomatoes,2021-03-26T10:35:21.527Z,0.0,False
2515218,True,Arrival check,Fruit,Mango,2021-03-25T10:43:27.68Z,0.0,False
2515459,True,Arrival check,Vegetable,Mushrooms,2021-03-25T10:05:10.277Z,0.0,False
2515469,True,Arrival check,Vegetable,Mushrooms,2021-03-26T06:41:29.747Z,1.0,True
2515543,True,Arrival check,Vegetable,Corn,2021-03-25T04:29:57.87Z,0.0,False
2515545,True,Arrival check,Vegetable,Cauliflower,2021-03-25T05:04:54.047Z,0.0,False
2516320,True,Arrival check,Vegetable,Green Beans,2021-03-21T05:43:33.58Z,0.0,False
2516322,True,Arrival check,Vegetable,Corn,2021-03-26T06:15:42.433Z,1.0,True
2516342,True,Arrival check,Vegetable,Mushrooms,2021-03-26T09:15:00.043Z,0.0,False
2516542,True,Arrival check,Vegetable,Tomatoes,2021-03-28T10:21:10.39Z,0.0,False
2516543,True,Arrival check,Vegetable,Tomatoes,2021-03-29T08:16:03.747Z,0.0,False
2516545,True,Arrival check,Vegetable,Tomatoes,2021-03-29T08:16:03.747Z,0.0,False
2517099,True,Arrival check,Vegetable,Tomatoes,2021-03-27T04:49:34.147Z,0.5,True
2517118,True,Arrival check,Vegetable,Cabbage,2021-03-28T05:18:39.45Z,0.0,False
2517274,True,Chilled Arrival,Dairy,Cheese,2021-03-26T07:13:24.563Z,0.0,False
2517584,True,Arrival check,Fruit,Mango,2021-03-28T10:23:04.147Z,0.0,False
2517745,True,Arrival check,Vegetable,Cabbage,2021-03-28T04:39:34.477Z,0.0,False
2518007,True,Arrival check,Fruit,Mango,2021-03-29T05:30:47.973Z,1.0,True
2518287,True,Arrival check,Vegetable,Zucchini,2021-03-30T06:47:26.797Z,1.0,True
2518444,True,Arrival check,Fruit,Mango,2021-03-30T11:08:43.907Z,0.0,False
2518453,True,Arrival check,Vegetable,Tomatoes,2021-03-31T11:08:12.313Z,1.0,True
2518463,True,Arrival check,Vegetable,Tomatoes,2021-03-29T07:32:26.183Z,0.0,False
2518466,True,Arrival check,Vegetable,Tomatoes,2021-03-29T07:32:26.183Z,0.0,False
2518469,True,Arrival check,Vegetable,Tomatoes,2021-03-30T02:48:00.33Z,0.5,True
2518598,True,Arrival check,Vegetable,Cauliflower,2021-03-30T04:19:25.717Z,0.0,False
2518623,True,Arrival check,Vegetable,Tomatoes,2021-03-30T02:56:27.043Z,1.0,True
2519112,True,Arrival check,Vegetable,Zucchini,2021-03-31T07:47:11.777Z,0.0,False
2519346,True,Arrival check,Vegetable,Tomatoes,2021-03-31T03:30:09.497Z,0.0,False
2519438,True,Chilled Arrival,Meat,Ham,2021-03-18T11:43:42.337Z,0.0,False
2519443,True,Arrival check,Vegetable,Tomatoes,2021-03-16T06:06:51.923Z,0.0,False
2519445,True,Arrival check,Vegetable,Mushrooms,2021-03-31T10:54:50.553Z,0.0,False
2519493,True,Arrival check,Vegetable,Mushrooms,2021-03-31T10:54:50.553Z,0.0,False
2519497,True,Chilled Arrival,Meat,Turkey,2021-03-25T06:06:47.38Z,0.0,False
2519571,True,Arrival check,Vegetable,Mixed Vegetable,2021-03-31T04:25:24.457Z,0.0,False
2520280,True,Arrival check,Vegetable,Tomatoes,2021-04-01T07:27:15.893Z,0.0,False
2520473,True,Arrival check,Vegetable,Cauliflower,2021-04-01T03:13:14.08Z,0.0,False
2521122,True,Arrival check,Fruit,Mango,2021-04-03T09:37:50.137Z,1.0,True
2521171,True,Arrival check,Vegetable,Tomatoes,2021-04-01T08:21:29.217Z,0.0,False
2521206,True,Arrival check,Vegetable,Zucchini,2021-03-26T11:22:58.103Z,0.0,False
2521207,True,Arrival check,Vegetable,Tomatoes,2021-04-03T06:00:27.287Z,0.0,False
2521208,True,Arrival check,Vegetable,Tomatoes,2021-04-03T06:00:27.287Z,0.0,False
2521209,True,Arrival check,Vegetable,Tomatoes,2021-04-03T06:00:27.287Z,0.0,False
2521210,True,Arrival check,Vegetable,Zucchini,2021-03-28T08:09:17.14Z,1.0,True
2521221,True,Arrival check,Fruit,Mango,2021-03-31T04:28:26.28Z,1.0,True
2521790,True,Arrival check,Fruit,Mango,2021-04-04T07:40:37.703Z,0.0,False
2523004,True,Arrival check,Vegetable,Zucchini,2021-04-07T10:33:55.72Z,1.0,True
2523421,True,Arrival check,Vegetable,Tomatoes,2021-04-03T08:23:36.07Z,0.0,False
2523422,True,Arrival check,Vegetable,Tomatoes,2021-04-04T10:42:07.513Z,1.0,True
2523423,True,Arrival check,Vegetable,Tomatoes,2021-04-04T09:36:33.5Z,0.0,False
2523428,True,Arrival check,Vegetable,Tomatoes,2021-04-06T09:46:44.507Z,0.0,False
2523662,True,Arrival check,Vegetable,Zucchini,2021-04-08T08:51:31.887Z,1.0,True
2524029,True,Arrival check,Fruit,Oranges,2021-04-08T05:16:39.343Z,0.0,False
2524277,True,Arrival check,Vegetable,Tomatoes,2021-04-10T06:20:01.8Z,0.0,False
2524278,True,Arrival check,Vegetable,Tomatoes,2021-04-10T06:20:01.8Z,0.0,False
2524839,True,Arrival check,Fruit,Oranges,2021-04-09T04:44:58.763Z,0.0,False
2524840,True,Arrival check,Fruit,Oranges,2021-04-09T08:20:29.483Z,0.0,False
2525173,True,Arrival check,Vegetable,Tomatoes,2021-04-07T09:42:49.127Z,0.0,False
2525174,True,Arrival check,Vegetable,Tomatoes,2021-04-07T09:42:49.127Z,0.0,False
2525211,True,Arrival check,Vegetable,Zucchini,2021-04-10T09:05:50.403Z,0.0,False
2525435,True,Arrival check,Fruit,Oranges,2021-04-10T08:18:44.01Z,0.0,False
2525436,True,Arrival check,Fruit,Oranges,2021-04-10T06:27:24.933Z,0.5,True
2525859,True,Arrival check,Vegetable,Zucchini,2021-04-11T08:01:45.873Z,0.0,False
2526849,True,Arrival check,Fruit,Oranges,2021-04-13T10:26:24.23Z,0.0,False
2527031,True,Arrival check,Vegetable,Tomatoes,2021-04-13T11:10:28.553Z,0.0,False
2527038,True,Arrival check,Vegetable,Tomatoes,2021-04-12T10:57:13.073Z,0.0,False
2527042,True,Arrival check,Vegetable,Tomatoes,2021-04-12T10:57:13.073Z,0.0,False
2527049,True,Arrival check,Vegetable,Tomatoes,2021-04-12T10:57:13.073Z,0.0,False
2527422,True,Arrival check,Vegetable,Mushrooms,2021-03-27T05:06:12.827Z,0.0,False
2527687,True,Arrival check,Vegetable,Tomatoes,2021-04-14T07:57:52.437Z,0.0,False
2527689,True,Arrival check,Vegetable,Tomatoes,2021-04-15T06:43:54.727Z,0.0,False
2527692,True,Arrival check,Vegetable,Tomatoes,2021-04-15T06:43:54.727Z,0.0,False
2527818,True,Arrival check,Vegetable,Cabbage,2021-04-11T04:50:12.547Z,0.5,True
2527819,True,Arrival check,Vegetable,Mixed Vegetable,2021-04-11T05:14:04.837Z,0.0,False
2527824,True,Arrival check,Vegetable,Cabbage,2021-04-14T05:11:01.823Z,0.0,False
2527825,True,Arrival check,Vegetable,Mixed Vegetable,2021-04-14T05:27:04.507Z,0.0,False
2528172,True,Arrival check,Vegetable,Tomatoes,2021-04-16T07:16:53.343Z,0.0,False
2528175,True,Arrival check,Vegetable,Tomatoes,2021-04-16T07:16:53.343Z,0.0,False
2528179,True,Arrival check,Vegetable,Tomatoes,2021-04-15T00:03:21.127Z,0.0,False
2528356,True,Arrival check,Fruit,Oranges,2021-04-15T09:10:48.01Z,0.0,False
2528358,True,Arrival check,Fruit,Oranges,2021-04-15T08:08:09.45Z,0.0,False
2529022,True,Arrival check,Vegetable,Cabbage,2021-04-16T05:29:54.61Z,0.0,False
2529878,True,Arrival check,Fruit,Oranges,2021-04-17T08:11:18.723Z,0.0,False
2530209,True,Arrival check,Fruit,Oranges,2021-04-18T08:33:44.193Z,0.0,False
2530289,True,Arrival check,Vegetable,Mixed Vegetable,2021-04-17T05:53:36.913Z,0.0,False
2530291,True,Arrival check,Vegetable,Cabbage,2021-04-18T05:38:16.617Z,0.0,False
2530381,True,Arrival check,Fruit,Oranges,2021-04-18T09:41:39.977Z,1.0,True
2530604,True,Arrival check,Vegetable,Zucchini,2021-04-19T11:12:39.04Z,1.0,True
2530870,True,Arrival check,Fruit,Oranges,2021-04-19T09:44:13.857Z,1.0,True
2531025,True,Arrival check,Vegetable,Tomatoes,2021-04-18T10:28:33.25Z,0.0,False
2531027,True,Arrival check,Vegetable,Tomatoes,2021-04-19T05:02:36.59Z,0.0,False
2531030,True,Arrival check,Vegetable,Tomatoes,2021-04-20T10:11:16.737Z,0.0,False
2531031,True,Arrival check,Vegetable,Tomatoes,2021-04-20T06:03:42.333Z,0.0,False
2531165,True,Chilled Arrival,Dairy,Cheese,2021-03-31T09:28:12.1Z,0.0,False
2531196,True,Arrival check,Fruit,Oranges,2021-04-20T07:53:25.277Z,0.0,False
2531199,True,Chilled Arrival,Dairy,Cheese,2021-03-31T07:39:58.333Z,0.0,False
2531232,True,Arrival check,Vegetable,Tomatoes,2021-04-21T07:17:10.563Z,1.0,True
2531233,True,Arrival check,Vegetable,Tomatoes,2021-04-21T07:17:10.563Z,1.0,True
2531234,True,Arrival check,Vegetable,Tomatoes,2021-04-21T07:17:10.563Z,1.0,True
2531235,True,Arrival check,Vegetable,Mushrooms,2021-04-20T11:29:39.383Z,0.0,False
2531236,True,Arrival check,Vegetable,Mushrooms,2021-04-20T11:29:39.383Z,0.0,False
2531397,True,Arrival check,Vegetable,Tomatoes,2021-04-22T08:18:34.83Z,1.0,True
2531399,True,Arrival check,Vegetable,Tomatoes,2021-04-22T08:18:34.83Z,1.0,True
2531402,True,Arrival check,Vegetable,Tomatoes,2021-04-22T09:23:55.043Z,0.0,False
2531644,True,Arrival check,Vegetable,Zucchini,2021-04-21T10:32:27.573Z,1.0,True
2531868,True,Arrival check,Fruit,Oranges,2021-04-22T10:19:53.163Z,0.0,False
2532033,True,Arrival check,Fruit,Oranges,2021-04-21T08:21:42.88Z,0.67,True
2532582,True,Arrival check,Vegetable,Tomatoes,2021-04-23T10:11:39.74Z,0.0,False
2532584,True,Arrival check,Vegetable,Tomatoes,2021-04-23T08:22:18.353Z,0.0,False
2532586,True,Arrival check,Vegetable,Tomatoes,2021-04-23T08:22:18.353Z,0.0,False
2532731,True,Arrival check,Fruit,Oranges,2021-04-22T07:09:04.407Z,1.0,True
2532966,True,Arrival check,Vegetable,Cabbage,2021-04-22T04:36:42.223Z,0.33,True
2533032,True,Arrival check,Vegetable,Tomatoes,2021-04-23T08:01:20.26Z,0.0,False
2533714,True,Arrival check,Fruit,Oranges,2021-04-23T08:32:21.083Z,1.0,True
2534541,True,Chilled Arrival,Dairy,Cheese,2021-04-19T05:56:11.497Z,0.0,False
2534783,True,Arrival check,Fruit,Oranges,2021-04-26T10:09:24.71Z,0.0,False
2535422,True,Arrival check,Fruit,Oranges,2021-04-28T09:04:46.733Z,1.0,True
2535429,True,Arrival check,Fruit,Oranges,2021-04-27T10:00:32.107Z,1.0,True
2535431,True,Arrival check,Fruit,Oranges,2021-04-27T08:22:20.153Z,0.5,True
2535453,True,Arrival check,Vegetable,Broccoli,2021-04-26T05:42:38.54Z,0.0,False
2535455,True,Arrival check,Vegetable,Cabbage,2021-04-27T05:13:10.877Z,1.0,True
2535832,True,Arrival check,Vegetable,Zucchini,2021-04-28T10:28:53.533Z,0.0,False
2536097,True,Arrival check,Vegetable,Tomatoes,2021-04-25T11:00:23.347Z,1.0,True
2536099,True,Arrival check,Vegetable,Tomatoes,2021-04-27T09:27:16.523Z,1.0,True
2536101,True,Arrival check,Vegetable,Tomatoes,2021-04-28T11:22:59.637Z,1.0,True
2536141,True,Arrival check,Fruit,Oranges,2021-04-28T08:11:48.1Z,0.0,False
2536544,True,Arrival check,Vegetable,Zucchini,2021-04-29T09:54:14.617Z,0.0,False
2536736,True,Arrival check,Vegetable,Tomatoes,2021-04-30T11:55:59.353Z,0.0,False
2537504,True,Arrival check,Fruit,Oranges,2021-05-01T09:56:54.53Z,0.0,False
2537603,True,Arrival check,Vegetable,Tomatoes,2021-04-29T10:44:42.3Z,1.0,True
2537826,True,Arrival check,Vegetable,Cabbage,2021-04-30T07:28:44.77Z,0.0,False
2537828,True,Arrival check,Vegetable,Cauliflower,2021-04-30T09:44:39.517Z,0.0,False
2538278,True,Arrival check,Vegetable,Tomatoes,2021-05-02T10:43:59.933Z,0.0,False
2538425,True,Arrival check,Fruit,Oranges,2021-05-02T09:20:59.77Z,1.0,True
2538427,True,Arrival check,Fruit,Oranges,2021-05-01T10:16:23.787Z,1.0,True
2538428,True,Arrival check,Fruit,Oranges,2021-05-01T05:20:19.867Z,1.0,True
2538442,True,Arrival check,Vegetable,Tomatoes,2021-04-30T06:24:05.543Z,0.0,False
2538520,True,Arrival check,Vegetable,Mushrooms,2021-05-02T07:00:28.513Z,0.0,False
2538547,True,Arrival check,Vegetable,Mushrooms,2021-05-04T06:27:41.23Z,0.0,False
2538613,True,Arrival check,Vegetable,Tomatoes,2021-05-02T11:15:32.097Z,0.0,False
2538629,True,Arrival check,Vegetable,Tomatoes,2021-05-04T10:10:26.507Z,0.0,False
2538806,True,Arrival check,Vegetable,Corn,2021-05-02T04:52:12.327Z,0.0,False
2538853,True,Arrival check,Vegetable,Mushrooms,2021-05-03T06:50:05.673Z,0.0,False
2539048,True,Arrival check,Fruit,Oranges,2021-05-03T08:36:13.45Z,0.0,False
2539064,True,Arrival check,Fruit,Oranges,2021-05-02T09:58:17.713Z,0.0,False
2539306,True,Arrival check,Fruit,Oranges,2021-05-04T10:05:30.95Z,0.0,False
2539472,True,Arrival check,Vegetable,Mushrooms,2021-05-04T06:37:06.493Z,0.33,True
2539751,True,Arrival check,Fruit,Oranges,2021-05-05T10:15:42.427Z,1.0,True
2539753,True,Arrival check,Fruit,Oranges,2021-05-04T06:57:43.26Z,1.0,True
2539760,True,Arrival check,Vegetable,Tomatoes,2021-05-04T11:46:45.35Z,1.0,True
2539761,True,Arrival check,Vegetable,Tomatoes,2021-05-04T11:46:45.35Z,1.0,True
2539762,True,Arrival check,Vegetable,Tomatoes,2021-05-04T11:46:45.35Z,1.0,True
2539823,True,Arrival check,Vegetable,Mushrooms,2021-05-05T10:05:32.117Z,1.0,True
2540263,True,Arrival check,Fruit,Oranges,2021-05-06T08:25:10.547Z,0.0,False
2540273,True,Arrival check,Fruit,Oranges,2021-05-05T06:27:52.78Z,0.5,True
2540284,True,Arrival check,Fruit,Oranges,2021-05-05T09:22:29.137Z,1.0,True
2540302,True,Arrival check,Vegetable,Broccoli,2021-05-03T06:52:53.42Z,0.0,False
2540304,True,Arrival check,Vegetable,Cauliflower,2021-05-04T05:52:21.703Z,0.0,False
2540360,True,Arrival check,Vegetable,Tomatoes,2021-05-04T08:59:39.983Z,0.0,False
2540543,True,Arrival check,Vegetable,Tomatoes,2021-05-05T06:33:23.77Z,0.0,False
2540545,True,Arrival check,Vegetable,Tomatoes,2021-05-06T08:48:55.297Z,0.0,False
2540568,True,Arrival check,Vegetable,Tomatoes,2021-05-07T06:30:14.213Z,0.0,False
2540905,True,Arrival check,Vegetable,Tomatoes,2021-05-06T07:54:38.933Z,0.0,False
2541047,True,Arrival check,Fruit,Oranges,2021-05-06T08:46:12.46Z,0.0,False
2541236,True,Chilled Arrival,Dairy,Cheese,2021-04-28T07:12:52.56Z,0.0,False
2541277,True,Chilled Arrival,Dairy,Cheese,2021-04-29T07:42:51.933Z,0.0,False
2541608,True,Arrival check,Vegetable,Tomatoes,2021-05-07T04:57:05.383Z,0.0,False
2541617,True,Arrival check,Vegetable,Tomatoes,2021-05-07T05:49:52.87Z,0.0,False
2541803,True,Arrival check,Vegetable,Broccoli,2021-05-06T06:23:24.81Z,0.0,False
2541806,True,Arrival check,Vegetable,Broccoli,2021-05-07T07:09:52.233Z,0.0,False
2542474,True,Arrival check,Vegetable,Cabbage,2021-05-08T04:43:15.813Z,0.0,False
2542508,True,Arrival check,Fruit,Oranges,2021-05-09T10:17:48.897Z,1.0,True
2542510,True,Arrival check,Vegetable,Tomatoes,2021-05-07T07:01:00.863Z,0.0,False
2542602,True,Chilled Arrival,Dairy,Cheese,2021-04-28T07:12:52.56Z,0.0,False
2542793,True,Arrival check,Vegetable,Mushrooms,2021-05-09T09:51:49.923Z,0.0,False
2542838,True,Arrival check,Vegetable,Mushrooms,2021-05-09T06:25:40.64Z,0.0,False
2543073,True,Arrival check,Fruit,Oranges,2021-05-10T09:20:21.51Z,0.0,False
2543112,True,Arrival check,Vegetable,Mushrooms,2021-05-10T11:00:57.89Z,0.0,False
2543569,True,Arrival check,Fruit,Oranges,2021-05-11T08:47:00.347Z,0.0,False
2544012,True,Arrival check,Vegetable,Tomatoes,2021-05-08T06:59:46.38Z,0.0,False
2544016,True,Arrival check,Vegetable,Tomatoes,2021-05-09T07:16:29.76Z,0.0,False
2544019,True,Arrival check,Vegetable,Tomatoes,2021-05-11T11:53:30.197Z,0.0,False
2544020,True,Arrival check,Vegetable,Tomatoes,2021-05-11T07:58:09.9Z,0.0,False
2544026,True,Arrival check,Vegetable,Tomatoes,2021-05-11T08:17:58.077Z,0.0,False
2544027,True,Arrival check,Vegetable,Tomatoes,2021-05-11T08:17:58.077Z,0.0,False
2544219,True,Arrival check,Vegetable,Cabbage,2021-05-11T07:04:16.293Z,0.0,False
2544420,True,Arrival check,Fruit,Oranges,2021-05-11T10:18:32.223Z,1.0,True
2544422,True,Arrival check,Fruit,Oranges,2021-05-12T06:58:56.62Z,0.0,False
2544550,True,Arrival check,Vegetable,Tomatoes,2021-05-12T10:08:13.45Z,1.0,True
2544602,True,Arrival check,Vegetable,Tomatoes,2021-05-12T10:08:13.45Z,1.0,True
2544626,True,Arrival check,Vegetable,Tomatoes,2021-05-12T10:08:13.45Z,1.0,True
2544933,True,Arrival check,Vegetable,Tomatoes,2021-05-12T07:07:10.597Z,0.0,False
2544934,True,Arrival check,Vegetable,Tomatoes,2021-05-13T05:52:21.153Z,0.0,False
2544935,True,Arrival check,Vegetable,Tomatoes,2021-05-13T05:52:21.153Z,0.0,False
2544949,True,Arrival check,Vegetable,Tomatoes,2021-05-13T05:52:21.153Z,0.0,False
2544954,True,Arrival check,Fruit,Oranges,2021-05-12T06:46:45.217Z,0.5,True
2545008,True,Arrival check,Fruit,Oranges,2021-05-13T06:41:28.77Z,0.5,True
2545009,True,Arrival check,Fruit,Oranges,2021-05-12T08:28:35.37Z,0.5,True
2545296,True,Arrival check,Vegetable,Tomatoes,2021-05-13T09:52:40.143Z,0.0,False
2545297,True,Arrival check,Vegetable,Tomatoes,2021-05-13T09:52:40.143Z,0.0,False
2545524,True,Arrival check,Vegetable,Tomatoes,2021-05-14T09:58:56.037Z,0.0,False
2545575,True,Arrival check,Fruit,Oranges,2021-05-14T09:33:38.36Z,0.0,False
2545618,True,Arrival check,Fruit,Oranges,2021-05-13T07:31:02.007Z,1.0,True
2545619,True,Arrival check,Fruit,Oranges,2021-05-13T07:19:06.31Z,0.0,False
2546082,True,Arrival check,Fruit,Oranges,2021-05-14T07:05:42.987Z,0.33,True
2547623,True,Arrival check,Fruit,Oranges,2021-05-15T04:58:59.957Z,0.0,False
2547803,True,Arrival check,Vegetable,Tomatoes,2021-05-14T07:16:01.473Z,0.0,False
2547804,True,Arrival check,Fruit,Oranges,2021-05-16T10:32:34.91Z,0.0,False
2547854,True,Arrival check,Vegetable,Tomatoes,2021-05-15T08:25:27.36Z,1.0,True
2547855,True,Arrival check,Vegetable,Tomatoes,2021-05-15T08:25:27.36Z,1.0,True
2547859,True,Arrival check,Vegetable,Tomatoes,2021-05-15T08:25:27.36Z,1.0,True
2548541,True,Arrival check,Fruit,Oranges,2021-05-16T10:32:19.887Z,0.0,False
2548705,True,Arrival check,Fruit,Oranges,2021-05-17T06:03:15.49Z,0.5,True
2548990,True,Arrival check,Fruit,Oranges,2021-05-18T08:53:24.033Z,0.0,False
2549195,True,Arrival check,Fruit,Oranges,2021-05-19T09:27:04.267Z,0.0,False
2549297,True,Arrival check,Vegetable,Tomatoes,2021-05-18T08:21:26.637Z,0.5,True
2549388,True,Arrival check,Vegetable,Tomatoes,2021-05-15T07:13:03.017Z,0.0,False
2549401,True,Arrival check,Vegetable,Tomatoes,2021-05-16T08:55:01.62Z,0.0,False
2549406,True,Arrival check,Vegetable,Tomatoes,2021-05-19T10:26:41.9Z,0.0,False
2549407,True,Arrival check,Vegetable,Tomatoes,2021-05-17T09:27:59.26Z,1.0,True
2549409,True,Arrival check,Vegetable,Tomatoes,2021-05-17T09:27:59.26Z,1.0,True
2549411,True,Arrival check,Vegetable,Tomatoes,2021-05-18T07:16:32.41Z,1.0,True
2549412,True,Arrival check,Vegetable,Tomatoes,2021-05-18T07:16:32.41Z,1.0,True
2549437,True,Arrival check,Vegetable,Tomatoes,2021-05-19T05:37:10.617Z,0.0,False
2549853,True,Arrival check,Vegetable,Tomatoes,2021-05-19T05:58:56.563Z,0.0,False
2549886,True,Arrival check,Vegetable,Tomatoes,2021-05-19T05:58:56.563Z,0.0,False
2549967,True,Arrival check,Vegetable,Tomatoes,2021-05-20T09:06:19.393Z,0.0,False
2549971,True,Arrival check,Fruit,Oranges,2021-05-20T07:40:16.42Z,0.0,False
2549975,True,Arrival check,Fruit,Oranges,2021-05-19T08:23:44.867Z,1.0,True
2550485,True,Arrival check,Vegetable,Tomatoes,2021-05-20T08:01:03.773Z,0.0,False
2550486,True,Arrival check,Vegetable,Tomatoes,2021-05-20T08:01:03.773Z,0.0,False
2550590,True,Arrival check,Vegetable,Tomatoes,2021-05-19T09:19:36.547Z,0.0,False
2550650,True,Arrival check,Fruit,Oranges,2021-05-20T05:48:57.373Z,1.0,True
2550809,True,Arrival check,Fruit,Oranges,2021-05-21T09:07:44.62Z,0.0,False
2551228,True,Arrival check,Vegetable,Tomatoes,2021-05-21T05:15:36.967Z,0.0,False
2551229,True,Arrival check,Vegetable,Tomatoes,2021-05-21T05:15:36.967Z,0.0,False
2551331,True,Arrival check,Vegetable,Tomatoes,2021-05-22T08:09:19.42Z,0.0,False
2551479,True,Arrival check,Fruit,Oranges,2021-05-22T08:57:21.943Z,0.5,True
2551480,True,Arrival check,Fruit,Oranges,2021-05-21T06:38:34.63Z,0.0,False
2552137,True,Arrival check,Vegetable,Tomatoes,2021-05-23T09:23:20.347Z,0.0,False
2552138,True,Arrival check,Vegetable,Tomatoes,2021-05-23T09:23:20.347Z,0.0,False
2552172,True,Arrival check,Fruit,Oranges,2021-05-23T08:34:34.413Z,0.0,False
2552214,True,Arrival check,Vegetable,Tomatoes,2021-05-21T07:02:11.907Z,0.0,False
2552308,True,Arrival check,Fruit,Oranges,2021-05-22T08:25:24.847Z,0.0,False
2552811,True,Arrival check,Fruit,Oranges,2021-05-23T07:21:24.757Z,1.0,True
2552812,True,Arrival check,Fruit,Oranges,2021-05-23T08:34:34.413Z,0.0,False
2553088,True,Arrival check,Fruit,Oranges,2021-05-24T09:50:53.703Z,0.0,False
2553179,True,Arrival check,Fruit,Oranges,2021-05-25T08:05:05.61Z,1.0,True
2553423,True,Arrival check,Vegetable,Tomatoes,2021-05-22T06:44:45.75Z,0.0,False
2553427,True,Arrival check,Vegetable,Tomatoes,2021-05-23T10:26:04.173Z,0.0,False
2553443,True,Arrival check,Vegetable,Tomatoes,2021-05-26T10:12:16.16Z,0.0,False
2553444,True,Arrival check,Vegetable,Tomatoes,2021-05-26T10:12:16.16Z,0.0,False
2553511,True,Arrival check,Fruit,Oranges,2021-05-26T08:24:36.547Z,0.0,False
2553634,True,Arrival check,Vegetable,Corn,2021-05-14T06:15:40.173Z,0.0,False
2554026,True,Arrival check,Vegetable,Mushrooms,2021-05-28T06:38:08.02Z,0.0,False
2554054,True,Arrival check,Vegetable,Mushrooms,2021-05-26T05:49:00.773Z,0.0,False
2554265,True,Arrival check,Fruit,Oranges,2021-05-27T08:49:01.23Z,0.0,False
2554277,True,Arrival check,Fruit,Oranges,2021-05-26T05:08:06.943Z,0.0,False
2554329,True,Arrival check,Vegetable,Tomatoes,2021-05-27T11:41:21.87Z,0.0,False
2554333,True,Arrival check,Vegetable,Tomatoes,2021-05-27T06:02:00.5Z,0.0,False
2554920,True,Arrival check,Vegetable,Tomatoes,2021-05-26T06:29:01.16Z,0.0,False
2555029,True,Arrival check,Fruit,Oranges,2021-05-27T08:45:06.023Z,1.0,True
2555030,True,Arrival check,Fruit,Oranges,2021-05-29T10:42:19.467Z,0.0,False
2555758,True,Arrival check,Fruit,Oranges,2021-05-29T10:33:13.02Z,0.0,False
2555804,True,Arrival check,Fruit,Oranges,2021-05-28T09:21:31.357Z,0.0,False
2556333,True,Arrival check,Fruit,Oranges,2021-05-29T09:38:53.867Z,1.0,True
2556335,True,Arrival check,Fruit,Oranges,2021-05-29T04:13:03.237Z,0.33,True
2556384,True,Arrival check,Vegetable,Tomatoes,2021-05-27T06:21:13.497Z,0.0,False
2556392,True,Arrival check,Vegetable,Tomatoes,2021-05-29T11:11:56.71Z,0.0,False
2556446,True,Arrival check,Vegetable,Tomatoes,2021-05-29T09:58:59.67Z,0.0,False
2556447,True,Arrival check,Vegetable,Tomatoes,2021-05-29T09:58:59.67Z,0.0,False
2556448,True,Arrival check,Vegetable,Tomatoes,2021-05-29T09:58:59.67Z,0.0,False
2556450,True,Arrival check,Vegetable,Tomatoes,2021-05-30T09:47:49.07Z,0.0,False
2556451,True,Arrival check,Vegetable,Tomatoes,2021-05-30T09:47:49.07Z,0.0,False
2556642,True,Arrival check,Vegetable,Mushrooms,2021-05-30T06:14:09.723Z,0.0,False
2557004,True,Arrival check,Vegetable,Zucchini,2021-06-02T09:55:26.477Z,0.0,False
2557060,True,Arrival check,Fruit,Oranges,2021-05-30T05:15:27.677Z,0.5,True
2557066,True,Arrival check,Fruit,Oranges,2021-05-31T08:56:18.993Z,1.0,True
2557139,True,Arrival check,Vegetable,Mixed Vegetable,2021-05-30T07:17:25.623Z,0.0,False
2557140,True,Arrival check,Vegetable,Mixed Vegetable,2021-05-30T07:17:25.623Z,0.0,False
2557142,True,Arrival check,Vegetable,Cauliflower,2021-05-30T04:53:10.493Z,0.0,False
2557143,True,Arrival check,Vegetable,Cauliflower,2021-05-30T04:53:10.493Z,0.0,False
2557728,True,Arrival check,Fruit,Oranges,2021-06-01T08:45:35.5Z,0.0,False
2557860,True,Arrival check,Vegetable,Mushrooms,2021-05-31T07:25:37.33Z,0.0,False
2557932,True,Arrival check,Vegetable,Tomatoes,2021-05-29T07:28:56.137Z,0.0,False
2557940,True,Arrival check,Vegetable,Tomatoes,2021-06-01T10:37:35.27Z,0.0,False
2557950,True,Arrival check,Vegetable,Tomatoes,2021-06-02T11:12:02.257Z,0.0,False
2557971,True,Arrival check,Vegetable,Tomatoes,2021-05-31T05:19:53.973Z,0.0,False
2557973,True,Arrival check,Vegetable,Tomatoes,2021-05-31T05:19:53.973Z,0.0,False
2557974,True,Arrival check,Vegetable,Tomatoes,2021-06-01T10:25:30.45Z,1.0,True
2557978,True,Arrival check,Vegetable,Tomatoes,2021-06-01T10:25:30.45Z,1.0,True
2557979,True,Arrival check,Vegetable,Tomatoes,2021-06-01T10:25:30.45Z,1.0,True
2558032,True,Arrival check,Fruit,Oranges,2021-06-01T05:47:56.837Z,0.0,False
2558072,True,Arrival check,Vegetable,Mixed Vegetable,2021-06-01T05:30:49.6Z,0.0,False
2558073,True,Arrival check,Vegetable,Mixed Vegetable,2021-06-01T05:30:49.6Z,0.0,False
2558402,True,Arrival check,Vegetable,Mushrooms,2021-05-28T06:18:05.343Z,0.0,False
2558476,True,Arrival check,Fruit,Oranges,2021-06-03T09:03:44.33Z,0.5,True
2558584,True,Arrival check,Vegetable,Tomatoes,2021-06-01T06:41:19.233Z,0.0,False
2558672,True,Arrival check,Vegetable,Tomatoes,2021-06-02T05:47:41.75Z,0.0,False
2558673,True,Arrival check,Vegetable,Tomatoes,2021-06-02T05:47:41.75Z,0.0,False
2558674,True,Arrival check,Vegetable,Tomatoes,2021-06-02T05:47:41.75Z,0.0,False
2558739,True,Arrival check,Vegetable,Tomatoes,2021-06-03T07:19:30.24Z,0.0,False
2558741,True,Arrival check,Vegetable,Tomatoes,2021-06-03T07:19:30.24Z,0.0,False
2559125,True,Arrival check,Vegetable,Mushrooms,2021-06-03T06:42:03.937Z,1.0,True
2559266,True,Arrival check,Vegetable,Tomatoes,2021-06-02T06:31:11.51Z,0.0,False
2559269,True,Arrival check,Vegetable,Tomatoes,2021-06-04T09:21:03.067Z,0.0,False
2559270,True,Arrival check,Vegetable,Tomatoes,2021-06-04T09:21:03.067Z,0.0,False
2559407,True,Arrival check,Fruit,Oranges,2021-06-03T10:42:14.067Z,0.0,False
2559408,True,Arrival check,Fruit,Oranges,2021-06-04T06:35:10.54Z,0.0,False
2559859,True,Arrival check,Vegetable,Mushrooms,2021-06-04T05:44:19.557Z,0.0,False
2560005,True,Arrival check,Vegetable,Tomatoes,2021-06-03T07:11:25.143Z,0.0,False
2560010,True,Arrival check,Vegetable,Tomatoes,2021-06-05T08:28:56.397Z,0.0,False
2560011,True,Arrival check,Vegetable,Tomatoes,2021-06-05T08:28:56.397Z,0.0,False
2560012,True,Arrival check,Vegetable,Tomatoes,2021-06-05T08:28:56.397Z,0.0,False
2560106,True,Arrival check,Fruit,Oranges,2021-06-05T07:32:34.213Z,0.5,True
2560313,True,Arrival check,Vegetable,Tomatoes,2021-06-06T10:25:48.23Z,1.0,True
2560315,True,Arrival check,Vegetable,Tomatoes,2021-06-06T10:25:48.23Z,1.0,True
2560635,True,Arrival check,Fruit,Oranges,2021-06-06T07:34:24.993Z,0.0,False
2561279,True,Arrival check,Vegetable,Cabbage,2021-06-03T04:56:18.833Z,0.67,True
2561280,True,Arrival check,Vegetable,Corn,2021-06-03T04:34:36.39Z,0.5,True
2561281,True,Arrival check,Vegetable,Broccoli,2021-06-03T04:45:48.33Z,0.0,False
2561303,True,Arrival check,Fruit,Oranges,2021-06-07T08:10:56.923Z,0.0,False
2561770,True,Arrival check,Vegetable,Mushrooms,2021-06-09T11:03:45.713Z,0.0,False
2561840,True,Arrival check,Fruit,Oranges,2021-06-07T07:49:04.983Z,0.0,False
2562119,True,Arrival check,Fruit,Oranges,2021-06-08T06:57:00.787Z,0.33,True
2562120,True,Arrival check,Fruit,Oranges,2021-06-08T10:08:09.217Z,0.0,False
2562196,True,Arrival check,Vegetable,Tomatoes,2021-06-05T07:12:08.58Z,0.0,False
2562198,True,Arrival check,Vegetable,Tomatoes,2021-06-07T09:48:32.277Z,0.0,False
2562199,True,Arrival check,Vegetable,Tomatoes,2021-06-06T09:59:40.713Z,0.0,False
2562200,True,Arrival check,Vegetable,Tomatoes,2021-06-07T04:30:26.45Z,0.0,False
2562216,True,Arrival check,Vegetable,Tomatoes,2021-06-08T09:08:11.1Z,0.0,False
2562218,True,Arrival check,Vegetable,Tomatoes,2021-06-08T09:08:11.1Z,0.0,False
2562666,True,Arrival check,Fruit,Oranges,2021-06-09T11:21:12.717Z,0.0,False
2562826,True,Arrival check,Vegetable,Tomatoes,2021-06-08T06:45:56.007Z,0.0,False
2562830,True,Arrival check,Vegetable,Tomatoes,2021-06-10T10:15:21.453Z,0.0,False
2563731,True,Arrival check,Fruit,Oranges,2021-06-10T06:34:11.31Z,0.0,False
2564426,True,Arrival check,Fruit,Oranges,2021-06-11T10:22:07.707Z,1.0,True
2564775,True,Arrival check,Vegetable,Mushrooms,2021-06-14T11:40:25.28Z,1.0,True
2564947,True,Arrival check,Fruit,Oranges,2021-06-12T10:29:47.503Z,0.0,False
2565074,True,Arrival check,Fruit,Oranges,2021-06-06T07:34:24.993Z,0.0,False
2571295,True,Arrival check,Vegetable,Mushrooms,2021-06-21T11:12:06.977Z,0.0,False
2571508,True,Arrival check,Fruit,Oranges,2021-06-18T08:21:00.04Z,0.0,False
2571584,True,Arrival check,Fruit,Oranges,2021-06-17T09:40:26.99Z,1.0,True
2571586,True,Arrival check,Fruit,Oranges,2021-06-16T08:20:55.87Z,1.0,True
2571587,True,Arrival check,Fruit,Oranges,2021-06-16T06:44:31.717Z,1.0,True
2571588,True,Arrival check,Fruit,Oranges,2021-06-15T08:02:44.7Z,0.0,False
2571589,True,Arrival check,Fruit,Oranges,2021-06-15T10:48:24.87Z,0.0,False
2571591,True,Rack Inspection,Fruit,Oranges,2021-06-15T04:50:27.453Z,1.0,True
2571591,True,Arrival check,Fruit,Oranges,2021-06-14T07:04:57.777Z,1.0,True
2571592,True,Arrival check,Fruit,Oranges,2021-06-13T05:07:18.727Z,0.0,False
2571593,True,Arrival check,Fruit,Oranges,2021-06-13T08:26:45.233Z,0.0,False
2572116,True,Arrival check,Fruit,Oranges,2021-06-20T08:33:43.647Z,0.0,False
2572527,True,Arrival check,Fruit,Oranges,2021-06-21T09:00:16.433Z,0.0,False
2572847,True,Arrival check,Vegetable,Tomatoes,2021-06-20T09:51:03.817Z,0.0,False
2573013,True,Arrival check,Vegetable,Tomatoes,2021-06-11T07:19:03.987Z,0.0,False
2573014,True,Arrival check,Vegetable,Tomatoes,2021-06-11T06:11:01.067Z,0.0,False
2573016,True,Arrival check,Vegetable,Tomatoes,2021-06-13T10:17:15.21Z,0.0,False
2573019,True,Arrival check,Vegetable,Tomatoes,2021-06-13T11:22:19.663Z,0.0,False
2573020,True,Arrival check,Vegetable,Tomatoes,2021-06-16T11:01:58.2Z,0.0,False
2573021,True,Arrival check,Vegetable,Tomatoes,2021-06-15T12:39:07.633Z,0.0,False
2573112,True,Arrival check,Vegetable,Tomatoes,2021-06-17T09:40:26.413Z,0.0,False
2573120,True,Arrival check,Vegetable,Tomatoes,2021-06-18T11:07:12.87Z,0.0,False
2573146,True,Arrival check,Vegetable,Tomatoes,2021-06-19T09:40:30.057Z,1.0,True
2573148,True,Arrival check,Vegetable,Tomatoes,2021-06-21T10:13:57.72Z,1.0,True
2573186,True,Arrival check,Vegetable,Tomatoes,2021-06-22T06:40:23.467Z,0.0,False
2573454,True,Rack Inspection,Fruit,Oranges,2021-06-24T04:52:31.343Z,1.0,True
2573992,True,Arrival check,Vegetable,Tomatoes,2021-06-23T06:29:04.91Z,0.0,False
2574640,True,Arrival check,Fruit,Oranges,2021-06-24T06:41:55.033Z,1.0,True
2574725,True,Arrival check,Vegetable,Tomatoes,2021-06-24T07:12:10.143Z,0.0,False
2575405,True,Chilled Arrival,Meat,Ham,2021-06-30T09:39:55.41Z,0.0,False
2575406,True,Chilled Arrival,Meat,Ham,2021-06-30T10:05:06.22Z,0.0,False
2575407,True,Chilled Arrival,Meat,Ham,2021-06-30T09:28:45.017Z,0.0,False
2575418,True,Arrival check,Vegetable,Tomatoes,2021-06-25T06:55:49.217Z,0.0,False
2575427,True,Arrival check,Vegetable,Tomatoes,2021-06-27T09:08:47.473Z,0.0,False
2576042,True,Arrival check,Vegetable,Corn,2021-06-27T05:36:37.59Z,0.5,True
2576043,True,Arrival check,Vegetable,Broccoli,2021-06-27T05:53:00.8Z,0.0,False
2576071,True,Arrival check,Fruit,Oranges,2021-06-26T10:34:02.103Z,1.0,True
2576894,True,Arrival check,Fruit,Oranges,2021-06-28T08:38:43.67Z,1.0,True
2577180,True,Arrival check,Vegetable,Mixed Vegetable,2021-06-28T05:34:36.333Z,0.0,False
2577181,True,Arrival check,Vegetable,Corn,2021-06-28T05:50:54.333Z,1.0,True
2577182,True,Arrival check,Vegetable,Mixed Vegetable,2021-06-28T05:34:36.333Z,0.0,False
2577255,True,Arrival check,Vegetable,Tomatoes,2021-06-27T09:39:25.457Z,0.0,False
2577256,True,Arrival check,Vegetable,Tomatoes,2021-06-29T11:22:47.06Z,0.0,False
2577257,True,Arrival check,Vegetable,Tomatoes,2021-06-30T11:21:47.19Z,0.0,False
2577486,True,Arrival check,Vegetable,Mushrooms,2021-06-23T10:36:10.25Z,1.0,True
2577492,True,Arrival check,Vegetable,Tomatoes,2021-06-30T06:24:03.147Z,0.0,False
2578569,True,Arrival check,Vegetable,Tomatoes,2021-06-30T06:40:05.14Z,0.0,False
2578952,True,Arrival check,Vegetable,Tomatoes,2021-07-01T06:54:42.857Z,0.0,False
2579581,True,Arrival check,Vegetable,Tomatoes,2021-07-02T06:44:01.383Z,0.0,False
2579596,True,Arrival check,Fruit,Oranges,2021-07-02T07:50:19.573Z,1.0,True
2580328,True,Arrival check,Vegetable,Tomatoes,2021-07-05T08:26:51.507Z,0.0,False
2580363,True,Arrival check,Vegetable,Corn,2021-07-03T05:02:22.04Z,0.5,True
2581703,True,Arrival check,Vegetable,Tomatoes,2021-07-06T11:32:44.61Z,0.0,False
2581711,True,Arrival check,Vegetable,Tomatoes,2021-07-07T10:34:34.32Z,0.0,False
2581712,True,Arrival check,Vegetable,Tomatoes,2021-07-07T07:46:14.203Z,0.0,False
2582065,True,Arrival check,Vegetable,Mixed Vegetable,2021-07-07T06:18:01.237Z,0.0,False
2582080,True,Arrival check,Vegetable,Tomatoes,2021-07-07T02:43:04.6Z,0.0,False
2582081,True,Arrival check,Vegetable,Tomatoes,2021-07-08T10:27:01.167Z,0.0,False
2582574,True,Arrival check,Vegetable,Tomatoes,2021-07-07T07:02:02.86Z,0.0,False
2583288,True,Arrival check,Vegetable,Tomatoes,2021-07-08T07:04:56.973Z,0.0,False
2583935,True,Arrival check,Vegetable,Tomatoes,2021-07-09T07:24:25.477Z,0.0,False
2584503,True,Arrival check,Fruit,Oranges,2021-07-10T10:32:22.683Z,0.0,False
2584657,True,Arrival check,Vegetable,Tomatoes,2021-07-10T05:54:02.633Z,0.0,False
2584658,True,Arrival check,Vegetable,Tomatoes,2021-07-11T08:06:16.947Z,0.0,False
2585515,True,Arrival check,Fruit,Oranges,2021-07-13T09:19:40.28Z,0.0,False
2585576,True,Arrival check,Fruit,Oranges,2021-07-12T10:43:34.01Z,0.5,True
2585861,True,Arrival check,Fruit,Oranges,2021-07-13T08:09:46.887Z,0.0,False
2585954,True,Arrival check,Vegetable,Tomatoes,2021-07-12T06:27:43.28Z,0.0,False
2585960,True,Arrival check,Vegetable,Tomatoes,2021-07-13T04:09:23.66Z,0.0,False
2585961,True,Arrival check,Vegetable,Tomatoes,2021-07-14T08:58:12.213Z,0.0,False
2586241,True,Arrival check,Vegetable,Tomatoes,2021-07-13T06:56:35.837Z,0.0,False
2586243,True,Arrival check,Vegetable,Tomatoes,2021-07-15T09:12:08.987Z,0.0,False
2586559,True,Arrival check,Fruit,Oranges,2021-07-14T05:51:25.943Z,0.0,False
2587029,True,Arrival check,Vegetable,Tomatoes,2021-07-14T07:41:22.377Z,0.0,False
2587606,True,Arrival check,Vegetable,Corn,2021-07-14T04:55:03.77Z,1.0,True
2587612,True,Arrival check,Fruit,Oranges,2021-07-15T11:15:51.917Z,0.0,False
2587614,True,Arrival check,Vegetable,Corn,2021-07-15T04:42:00.227Z,0.0,False
2587780,True,Arrival check,Vegetable,Tomatoes,2021-07-15T06:30:14.633Z,0.0,False
2588089,True,Arrival check,Vegetable,Mushrooms,2021-07-16T04:35:00.94Z,0.0,False
2588433,True,Arrival check,Vegetable,Corn,2021-07-16T04:48:18.783Z,0.0,False
2588558,True,Arrival check,Fruit,Oranges,2021-07-16T08:33:58.55Z,0.0,False
2588589,True,Arrival check,Vegetable,Tomatoes,2021-07-16T06:23:38.607Z,0.0,False
2589956,True,Arrival check,Vegetable,Zucchini,2021-06-26T07:59:26.43Z,0.0,False
2590173,True,Arrival check,Vegetable,Tomatoes,2021-07-19T08:02:16.21Z,0.0,False
2592517,True,Arrival check,Vegetable,Tomatoes,2021-07-18T10:57:59.443Z,0.0,False
2592528,True,Arrival check,Vegetable,Tomatoes,2021-07-20T07:24:07.333Z,1.0,True
2592529,True,Arrival check,Vegetable,Tomatoes,2021-07-20T11:53:59.897Z,0.0,False
2592531,True,Arrival check,Vegetable,Tomatoes,2021-07-21T08:34:14.233Z,1.0,True
2593130,True,Arrival check,Vegetable,Mushrooms,2021-07-23T06:13:45.07Z,0.0,False
2593961,True,Arrival check,Vegetable,Mushrooms,2021-07-22T11:42:19.527Z,0.0,False
2594181,True,Arrival check,Vegetable,Mushrooms,2021-07-22T04:13:13.89Z,0.0,False
2595488,True,Arrival check,Vegetable,Tomatoes,2021-07-22T06:14:24.687Z,0.0,False
2596281,True,Arrival check,Fruit,Mango,2021-07-25T09:31:27.91Z,0.0,False
2597006,True,Arrival check,Vegetable,Tomatoes,2021-07-24T06:53:03.183Z,0.0,False
2597015,True,Arrival check,Vegetable,Tomatoes,2021-07-25T10:08:28.437Z,0.0,False
2597212,True,Arrival check,Vegetable,Tomatoes,2021-07-27T06:19:24.683Z,0.0,False
2597896,True,Arrival check,Vegetable,Tomatoes,2021-07-28T06:38:55.307Z,0.0,False
2597983,True,Arrival check,Vegetable,Tomatoes,2021-07-30T11:01:15.547Z,0.0,False
2598764,True,Arrival check,Vegetable,Tomatoes,2021-07-29T06:27:10.2Z,0.0,False
2599563,True,Arrival check,Fruit,Mango,2021-07-30T10:46:31.85Z,0.0,False
2599896,True,Arrival check,Fruit,Mango,2021-07-31T04:18:02.407Z,0.0,False
2600048,True,Arrival check,Fruit,Mango,2021-07-29T07:19:27.79Z,1.0,True
2600066,True,Arrival check,Vegetable,Corn,2021-07-28T04:48:19.707Z,0.0,False
2600364,True,Arrival check,Vegetable,Tomatoes,2021-07-31T05:50:52.873Z,0.0,False
2600366,True,Arrival check,Vegetable,Tomatoes,2021-08-02T10:02:41.547Z,0.0,False
2600592,True,Arrival check,Fruit,Mango,2021-08-01T12:02:42.143Z,0.0,False
2600653,True,Arrival check,Vegetable,Corn,2021-08-02T07:49:30.863Z,1.0,True
2601186,True,Arrival check,Fruit,Mango,2021-08-02T10:13:26.213Z,1.0,True
2601454,True,Arrival check,Fruit,Mango,2021-08-03T12:23:16.417Z,0.0,False
2601599,True,Arrival check,Vegetable,Tomatoes,2021-08-01T08:58:47.81Z,0.0,False
2601856,True,Arrival check,Vegetable,Corn,2021-08-04T06:34:29.91Z,0.0,False
2601857,True,Arrival check,Vegetable,Corn,2021-08-04T06:34:29.91Z,0.0,False
2602399,True,Arrival check,Vegetable,Corn,2021-08-06T07:39:03.817Z,1.0,True
2602467,True,Arrival check,Vegetable,Zucchini,2021-08-02T09:52:13.817Z,1.0,True
2602468,True,Arrival check,Vegetable,Zucchini,2021-08-04T10:22:58.95Z,1.0,True
2602474,True,Arrival check,Vegetable,Zucchini,2021-08-04T11:05:12.147Z,0.0,False
2602475,True,Arrival check,Vegetable,Zucchini,2021-08-05T08:54:51.71Z,0.0,False
2602788,True,Arrival check,Fruit,Mango,2021-08-05T10:34:08.603Z,0.0,False
2602895,True,Arrival check,Vegetable,Tomatoes,2021-08-04T06:20:43.63Z,0.0,False
2603298,True,Arrival check,Vegetable,Mushrooms,2021-08-05T03:16:31.357Z,0.6,True
2603358,True,Arrival check,Vegetable,Tomatoes,2021-08-05T07:26:14.31Z,0.0,False
2603764,True,Arrival check,Vegetable,Corn,2021-08-08T07:32:36.87Z,0.0,False
2604598,True,Arrival check,Vegetable,Tomatoes,2021-08-06T06:37:20.12Z,0.0,False
2604601,True,Arrival check,Vegetable,Tomatoes,2021-08-08T10:13:04.24Z,0.0,False
2604639,True,Arrival check,Fruit,Mango,2021-08-07T07:21:51.813Z,0.0,False
2604645,True,Arrival check,Fruit,Mango,2021-08-07T07:35:24.48Z,0.0,False
2604793,True,Arrival check,Vegetable,Corn,2021-08-09T07:36:23.153Z,0.0,False
2605016,True,Arrival check,Vegetable,Zucchini,2021-08-08T10:10:31.093Z,1.0,True
2605044,True,Arrival check,Vegetable,Mushrooms,2021-08-07T02:55:43.763Z,0.14,True
2605061,True,Arrival check,Vegetable,Tomatoes,2021-08-07T06:32:00.21Z,0.0,False
2605064,True,Arrival check,Vegetable,Tomatoes,2021-08-09T09:10:47.667Z,0.0,False
2605883,True,Arrival check,Vegetable,Zucchini,2021-08-10T10:16:35.277Z,1.0,True
2606296,True,Arrival check,Vegetable,Tomatoes,2021-08-09T10:02:17.597Z,0.0,False
2607014,True,Arrival check,Vegetable,Tomatoes,2021-08-10T08:48:23.473Z,0.0,False
2607193,True,Arrival check,Vegetable,Zucchini,2021-08-12T08:07:22.82Z,1.0,True
2607195,True,Arrival check,Vegetable,Zucchini,2021-08-12T10:37:42.49Z,1.0,True
2607528,True,Arrival check,Vegetable,Corn,2021-08-11T07:54:19.647Z,1.0,True
2607795,True,Arrival check,Vegetable,Tomatoes,2021-08-11T09:49:11.293Z,0.0,False
2608062,True,Arrival check,Vegetable,Tomatoes,2021-08-12T06:03:03.247Z,0.0,False
2608229,True,Arrival check,Vegetable,Mushrooms,2021-08-11T23:12:49.053Z,0.14,True
2608369,True,Arrival check,Fruit,Mango,2021-08-13T10:15:12.087Z,0.5,True
2608773,True,Arrival check,Vegetable,Mushrooms,2021-08-13T01:14:01.14Z,0.0,False
